nº;FR;PA80;swo;gyeli;bekwel;bekol;konzime;makaa;mpiemo;kwasio;njem;shiwa;BC (BLR3);Reconstr. Régionales (BLR 3);Reconstr. Mougiama, Hombert;;;;
1;abandonner 1;°c°ì°n°à;;;cìn;;cìnè;;;;cììnò;;;;
2;abandonner 2;°k°á°T°à;;;kát;;kâr;;kārɔ̀;;;;;;
4;abattre;°k°w°à°l°À;kyə̀lə̀;kwɛ̀lɔ;kɥàl;càl;cwɛ̀l;;cɔ̀lɔ̀;cɥɛlɛ;cwɛ̀l;;;;
5;abcès;°d°ɔ̀°l°V̀;dwàlə̀;;ɔ̀l;wàl;;;;walɛ;;;;;
6;abeille;;;nyú;ɲúɡù;ɲɔ̂;ɲʊ̂kwàn;;;ɲu;ɲʊ̂kwɔ̀n;wò;;;
7;accepter;°m°ɛ̀°K°à°l°à;màʔàlə̀;mɛ́ɛ̀lɛ;;màɡə̀lɔ̀;mɛ̀ʔlè;ɡə̀lə̀;;;mjɛ̀ʔlò;;;;
8;accompagner;°l°í°K°à°l°à;zə́ɡə̀lə̀;líyɛlɛ;ljâl;lîɡə̀lɔ̀;;lə́ɡàl;;;ljóʔlô;;;;
9;accoucher;°b°í°à;byâ;bwà;bjâ;bjâ;bjâ;bjâ;ɓjâ;bia;bwâ;bjà;;;
10;accrocher 1;°k°à°l°ì;kə̀lè;;cèl;;cjèl;kə̀l;kàlì;cɛl;kjèl;kə̀lì;;;
11;accrocher 2;°k°ɛ̀°m°b;;;;;pɛ̀n;fɛ̀n;;;pɛ̀n;;;;
12;accuser;°l°à°K;láʔ;;tìlà;lâɡ;làʔ;;;;;;;;
13;acheter;°b°ɔ́°m°à;;;bɔ́m;;bwâm;;ɓɔ̄mɔ̀;;bwɔ̂m;;;;
14;acide 1;°b°j°à°n°ɟ°à;bìàŋɡì;;bjàz;;bjàh;bjɛ̀nʒ;ɓjànɟáà;;bwàh;;;;
15;acide 2;°k°à°K°V̀;;;;;kàʔ;kààɡ;kàɡɔ̀;;kǎʔlà;;;;
16;affaires;°l°Ǒ°P;;;;lòb;lɔ̌b;;;;lɔ̌b;;;;
17;aider;°K°ó°l°Ì;zə́lè;kòlɛ;;kwìr;ɡûl;;;kwɛl;ɡwîl;kɥélì;;;
18;aigle;;mbə̀lə̀;mpèlɛ̀;b̥jèl;mpàl;mpèlè;mpàl;mpèlɔ̀;mbʰilɛ;mpjèl;;;;
19;aiguille;°d°ò°K;dùndwɔ̀ʔ;ntɔ̀ndɔ̀gɛ̀;;ndùndù;ndòndò;;;ndindɔk;;;;;
20;aiguiser;°ɟ°è°b°à;ɡvwúò;vúlɔ;ɟòò;ɟàb;ɟèbè;ɟòw;;ɟɔɔ;ɟjèb;;;;
21;aile;;pə̀báʔà;pɛ́bá;bǎp;mpjàb;mpàbàá;;mpàbɔ̄;paba;mpàbá;pàbá;;;
22;aimer;°k°w°à°l°Ì;kyàlə̀;kwàlɛ;kɥɛ̀l;cɛ̀là;kpɛ̀l;cɛ̀l;kwàlì;kɥal;kwɛ̀l;kɥálì;;;
23;aîné;°t°Ú°m°b°á;tómbà;túmbà;;twámbâ;;cúmbâ;;ntumba;;;;;
24;aisselle;°ɲ°á°n°ɡ°b°V́°l°V̀;;nyámbá;ɲɛ́ɡɛ́bûl;ɲɔ̂mbə̀lɔ̀;ɲɔ́mlʊ̀;;;ɲamba;;ɲámbílì;;;
25;ajouter;°k°ò°K;kùɾà;kòla;;kɛ̀ɛ̀là;kò;;;kwala;kòʔlà;;;;
26;alcool;°ɲ°Ò°K°Ì;ɲwɔ̀ʔ;nyɔ́ɔ̀;ɲùk;ɲwòɡ;ɲòʔ;;ɲɔ̀ɡì;maɲuiəˤ;ɲòʔ;;;;
27;aller 1;°t°ɔ́°à;té;túà;tɔ̂;;tô;;tɔ̄ɔ̀;;tô;;;;
28;aller 2;°k°ɛ̀°n;kə̀;kɛ̀;;kèn;;;;kɛ;;kə̀;;;
29;allumer 1;°t°ù°m°b°À;;;;;tùmò;;tùmbì;;tùmò;;;;
30;allumer 2;°t°ì°T°à;;;;tíràɡ;tìrà;;;;tìrà;;;;
31;amer;°ɟ°Ù°l°Ì;ɡùlì;dùlɛ̀;ɡɥè;;ɟwìè;ɡùùl;ɡwòè;;ɟwìò;ɡúlì;*d*ʊ̀*d*ì;;
32;ami 1;°s°ɔ́;ʃwɔ̄;sɔ́;sɔ́ɔ́;ʃwó;só;ʃwə́;ʃɔ̄;swɔ;só;ʃú;;;
33;ami 2;°w°ɛ̀°V̀;;;;;wɛ̀ɛ̀;wèj;;;wɛ̀ɛ̀;;;;
34;amitié;°s°ɔ́;ʃwɔ̄;;sɔ́;ʃwó;só;;;;só;;;;
35;amour;°k°w°à°l°Í;kyàlé;kwàlɛ̀;kɥɛ̀l;cɛ̀l;kpɛ̌l;cɛ̀ɛ̀lî;kwàlā;kɥal;kwɛ̌l;;;;
36;ananas (emprunt);°ɟ°à°ŋ°a°?;káʔáyàŋ;;ɲàŋà;kájàŋ;;kájàŋə́;;ɟanɡa;;;;;
37;âne (emprunt);°ɟ°à°k°â°s°?;ɟàkás;;;ɟàkâz;ɟàkâh;;;ɟakas;;;;;
38;animal;°t°í°d°V;tsə́ɾə̀;tsídí;tít;tíd;tír;;tīrī;tsir;tír;tsírí;;;
39;année;°b°û;bvə̀;bvû;mbû;mbû;mbû;bû;;vu;mbû;ɡbə́;*b*ú;;
40;annonce;°t°ú°n°d°Á;;;túd;;túnó;cúndə́;tūndɔ̄;;túnó;;;;
41;annoncer;°t°ú°n°d°Á;;;túd;;túnò;;;;túnô;;;;
42;anomalure;;;;gù;;nkù;;;;nkǔ;;;°ɡ°u°i;
43;appel;°ɟ°V́°b°l°V̀;ɡvwúā;gyíbâ;nɟól;;nɟɩ́blɩ́;ɟúúlú;;;ɟɩ́blɩ́;;;;
44;appeler;°ɟ°V́°b°à;ɡvwúə̄;gyíbɔ;ɟóò;ɟáb;ɟébè;ɟôw;;ɡiɔ;ɟjêb;ɟɥâ;;;
45;apprendre;°ɟ°é°K°Ì;ɡíɡì;gyíkɛ;ɟêk;ɟîɡ;ɟɩ̂ʔ;ɟíɡə̀lì;ɟēɡì;ɡiɡ;ɟwɩ̂ʔ;;;;
46;approcher;°s°í°s°à°l°À;;sḭ́ḭ̀;;sîlɔ̀;sîhlè;sə̀sàl;;;síhlô;;;;
47;arachide;°w°ò°n°d°ò;wòndù;wùndɛ̀;wòndò;wùnd;wʊ̀nʊ̀;wùnd;;wundɛ;wʊ̀nʊ̀;;;;
48;araignée;°b°ù°b°V;bòʔó;;náàbùbɛ́lɛ̀;bùb;bʊ́bʊ̀ʊ́;bwìjə̀;;ndʰɛnbur;bʊ́bʊ̀ʊ́;tàndíbùbùrá;;;
49;arbalète;;pàn;;b̥àn;;mpàn;mpààn;mpànɔ̀;mbʰandi;;;*b*à*n*ò;;
50;arbre;°l°é;lí;lé;lé;lé;lí;lé;lē;lí;lɩ́;lí;;;
51;arbre moabi;°ɟ°ɔ̀°V̀;ɟùɔ̀;;ɟɔ̀w;;ɟɔ̀ɔ̀;ɟù;;;ɟɔ̀ɔ̀;;;;
52;arbre sp 1;°d°ù°m°b°à;;;dúm;úmɔ́;úmó;;dùbɔ̀;;;;;;
53;arbre sp 2;°s°ɔ́°m°b°Ó;;;;;sɔ́m;sómbú;;;swɔ́m;;;;
54;arc;°ɡ°à°l°á;ɡálì;;ɡɛ̀lɛ́;;ɡàlá;;;;ɡàlá;;;;
55;arc-en-ciel;;dvúndvùmbə̄;;d̥ìwà;;;ɟùmbú;;;tìbà;;;;
56;argent 1 (emprunt anɡlais);;mwòné;mɔ̀nɛ́;;;mɔ̀nɩ́;;mjéná;mɔ̂n;mɔ̀nɩ́;;;;
57;argent 2;°ɟ°a°ŋ°a;;;mjàŋà;;;ɟánà;;;;mjáŋá;;;
58;argile 1;°ɟ°ɛ̀°K°á;déʔə̄;;;jàɡ;;jàɡə́;wjɛ̀ɡɔ̄;;;;*j*ɩ̀*ɡ*á;;
59;argile 2;°k°ò°n°a;;;kwòn;;;;;kuna;kwon;;;;
60;arracher 1;°d°á°K°Ì;;;dɛ̂k;;dɛ̂ʔ;dɛ́ɛ́ɡ;ɗāɡī;;;;;;
61;arracher 2;°t°ê;té;tɛ̀ndɔ;;;tɩ̂;tî;tê;;tɩ̂;;;;
62;arranger;°k°ɔ̀°m°b°à°l°à;kùmbə̀lə̀;kùmbɔ;kòbàl;kwòmbèlá;kòmlò;;;kumbɔ;kwòmlò;kúmbə̀;;;
63;arriver;°k°ù°m°à;;;kùm;kùmà;kùmò;;;;kùmò;;;;
64;articulation;°b°ɔ̀°ŋ;mbwàŋ;;;bwàŋ;bʊ̀á;;;;bùó;;;;
65;assiette;°s°Ú°w°á;ʃówà;;súwá;ʃúwá;sʊ́á;ʃúwá;;;;;;;
66;assis;°d°i°l°I;dzìlə̀;jì;ndíndìl;ndíl;ndîndǐl;nɟínɟìlî;dídílì;;ndîndǐl;dzìndzíndzílì;*d*ì*a*d;;
67;asticot;°l°ú°m°á;lúmà;lvúmɔ́;lúm;lúmɔ́;lúmó;;;vuma;lúmó;;;;
68;attacher 1;°k°â°K;;káKà;;kâɡ;kâʔ;;;kaˤ;kâʔ;;;;
69;attacher 2;°t°ì°ŋ°à°l°à;tsə̀ŋɡə̀lə̀;tsḭ́ɛlɛ;tìŋàl;;;;tīɔ̀ŋ;tsaŋlɛ;;tsóŋlà;;;
70;attendre;°b°ó°n°d°à;búndə̀;bwɛ̰́ɛ̰̀lɛ;bwôd;bwáánd;bónò;bwánd;ɓōndɔ̀;;bwôn;búndá;;;
71;attraper;°ɟ°à;ɟà;;;;ɟà;ɟà;;ɥaˤ;ɟà;;;;
72;au milieu;°t°é°m°à;tétémà;títímɔ́;;tám;témé;tâm;;tima;tjém;tímà;;;
73;aujourd'hui;°ú°s°ì;móò;;mwûs;mùùz;mûh;;;;mûh;mwì;;;
74;aulacode;;;;ʒɛ́g̥wób;;pánkómó;;;;pánkwóm;;*ɡ*ʊ̀*m*b*á;;
75;autre;°s°í°s;;fúsì;;sís;swîh;;;;swîh;;;;
76;aval;°c°ì°V̀;;kɛ̀;cɛ̀;;cìè;;cīɛ̀;;cìò;;;;
77;avaler;°m°ì°n°à;mìnə̀;mìnò;mìn;mìnɔ̀;mìnè;mìnə̀;mìnɔ̀;mina;mìnò;mínə̀;;;
78;avec;°n°à;nə̀;nà;nɛ̀;nò;;;nɛ̀;na;nè;;;;
79;aveugle;;dzímdzîm;jímí;;tîtìm;ántím;àncímncîm;ntīmī;dzi;àntím;;;;
80;avocat;°p°í°j°à;píyə̀;péè;;fíjò;pjɔ́ɔ̀;fjâ;;pii;fjɔ́ɔ̀;;;;
81;bagarre;°t°Ú°m°b°à;və̀mbà;lvúmâ;tûb;ntwòmb;tɔ̀m;cwòmb;tùmbɔ̀;;tòm;;;*t*ù*m*b*à;
82;bague;°l°Ò°n°d°á;;lɔ̀ndɔ́;;;lɔ̀ná;lwòndó;;lɔndɔ;loná;;;;
83;bailler;°m°á°m°a;;nyɔ́nyɔ̰̂;mámâ;mə̀mâ;;mə́mà;;;;;;;
84;baisser;°s°ɛ̀°l°Ì;ʃùlì;;;;sùl;sə̀l;ʃɛ̀lì;silsi;;;;;
85;balafon;;ŋɟâŋ;;ɟ̥áŋál;ncáŋ;nɟáŋ;ncáɲ;;ndzaŋ;;;;;
86;balai;°k°w°á°n°ɟ°V̀;kyáŋɡì;;kɥɛ̂z;cɔ̂nɟ;kpɛ̂h;cónz;kwānɟī;;kwɛ̂h;;;;
87;balayer;°ɡ°w°á°m°b°à°l°à;wámbə̀lə̀;wómbɛlɛ;wábàl;wâmbə̀lɔ̀;ɡwámlè;wáámbə̀lə̀;;wamlɛ;ɡwámlô;wámbàlà;*k*ó*m*b*ʊ*d;;
88;bambou;°ɟ°ɛ̀°ŋ°á;mbàŋɟə̀;mpàndyè;;nɟìɲɛ́;nɟɩ̀á;ɟɛ̀ɛ́;nɟɛ̌ŋ;;;;;;
89;bambou, flèche;°b°à°n°ɟ°á;mbàŋɟə̀;mpànyè;bàzáb̥àn;mpànɟ;bàh;;ɓànɟɔ̀;bʰɔa;bàhà;;*b*à*n*j*ɩ́;;
90;banane douce;°t°ɔ̀°T°à;;njù;tɔ̀tò;;tɔ̀rà;;;;;tòrà;;;
91;banane plantain;°k°ɔ̀°n°d°V̀;kwàndə̀;kwàndɔ̀;kɔ̀d;kwànd;;;kɔ̀ndɔ̀;;kwɔ̀n;kwàndə̀;;;
92;banc (emprunt français);;;;;;bâŋ;bwànɡə́lə́;;bɛnɡi;;;;;
93;bander;°ɟ°ɛ̀°l;ɟàlè;;ɟɛ̀l;;ɟjɛ̀l;;;;ɟɛ̀l;;;;
94;barbe;;zə̀lə̀;zɛ̀lɛ̀;zèl;ncə̀l;nzjèl;;ncɛ̀lì;ndzɛl;;ʃə́lì;;;
95;barrage;°m°ɛ́°K;myə̀ʔə́;mwɛ́;mjá;mjɛ́ɡ;mjɛ́ʔ;;;;;;;;
96;barrer;°l°à;là;;là;;là;là;là;;;;;;
97;bâton;°ɡ°a°s°E;kásè;;;;nɡáhá;ɡásə́;kwàɛ̀;;kás;;;;
98;bâton de manioc;°b°ɔ̀°l°à;bwā;;;;;bùbwòlè;;;bwôl;bwàlà;;;
99;battre;°d°à°K;;;dà;;dàʔ;àɡə̀lə́;;;;;;;
100;beaucoup 1;°b°ù;və̀lə́;;bù;bù;bù;bùljà;bùbùlìà;;;;;;
101;beaucoup 2;°b°ù°Ò;vùvù;bvúbvù;bwòpí;bùbù;bùòbùò;;bùɔ̀;bvubvu;bùòbùò;;;;
102;bébé;°k°é°ŋ;kɛ́ɛ̄y;wánɔ̀;;kéŋ;cjéé;kéɲ;;;kéé;;;;
103;belle-famille;°c°í°ŋ;tsī;tsì;cí;cì;cìŋ;cìí;cǐ;tsi;cǐ;;;;
104;belle-soeur;°ɟ°à°l;ɲàlà;;nɟɛ̀l;;nɟjɛ̀l;ɲɛ̀l;;ɲal;nɟɛ̀l;;;;
105;bile;°c°u°ŋ;ŋɡūū;;;cɔ́ŋ;;;ncùùŋ;nzuŋ;;;;;
106;blanc 1;°p°ú°m°V́;fùmə̀;pùlɛ́;nápúú;;púmó;fùmə̀;pùmàā;;púmó;kfúmí;;;
107;blanc 2;;;;b̥a;;mpáŋà;;;;mpáŋá;;;;
108;Blanc, européen;°t°á°n°ɡ°á;tāŋ;tàngànɛ̀;táɡá;táŋ;ntáŋá;táŋ;;ntanɡan;;;;;
109;blesser;°b°ɛ́°b°à°l°A;báàlì;báwɛ;bɛ̂w;;bɛ́blè;bɛ̂w;;;báblô;;;;
110;boire;°ɲ°ɔ̀°à°l°Ì;ɲòlì;nyùlɛ;;ɲwɛ̀l;ɲùl;nɡùl;;ɲul;ɲû;nwélì;;;
111;bois de chauffage;°ɟ°ó°T°à;ɟáà;yí;ɡótà;;ɟɔ́rà;;ɡwōrā;;ɟɔ́rà;;;;
113;boîte;°ɡ°ó°n°ɡ°à;ɡúŋɡà;;;nɡúnɡà;nɡʊ́ŋ;nɡúnɡà;;nɡunɡu;nɡʊ́ŋà;;;;
114;bon;°ɲ°ù°ŋ;ɲɔ́ɔ̀ŋ;;ɲù;ɲwàŋ;;ɲwà;ɲùāŋ;ɲiuŋ;;;;;
115;bonne chose;°b°ɛ̀°C°à;;;mbɛ̀sâ;;mbɩ̀à;;;mbʰa;mbɩ̀à;;*b*e*n*ɡ*a;;
116;bosse;;;;d̥úú;ntúŋɔ́;ntúó;;;;;;;;
117;bouche;°n°ù°m°b°Ì;nòmbò;nyùmbò;nùb;nùm;nùm;;nùmbì;num;nʊ̀m;nə́mbì;*d*ù*m*b*ù;;
118;boucle d'oreille;°p°ù°n°ɡ°á;və̀ŋɡā;mbùngá;vùnɡá;mpùnɡá;mpùŋà;vùnɡá;;mbʰunɡa;;;;;
119;bouclier;;;;ɡùù;nkùbɔ̀;nkùò;nkùwò;;;nkùbò;;*ɡ*ù*b*à;;
120;boue;°b°ɔ̀°d°ɔ̀;bwɔ̀ɾə̀ʔ;;bɔ̀tɔ̀;;;;ɓɔ̀ɔ̄;;bɔ́rɔ́;pɔ̀tɔ̀pɔ́tɔ̀;;;
121;bouger;°k°ù°b°à°l°à;kfìyà;kfùbala;kù;kùbèlà;kùblà;;kùbɔ̀;pfuala;kùblà;;;;
122;bouillir 1;°ɡ°ú°l°Ì;ɡvúŋɡə̀lə̀;;ɥîl;wûl;ɡûl;wù;wūlì;;ɡwîl;;;;
123;bouillir 2;°t°ɔ̀°K°Ì;tòɡè;tɔ̀gɛ;tèk;;;;tɔ̀ɡì;twɔɡ;tœ̀ʔ;;*t*ò*k;;
124;bouillir 3;°t°ɔ̀°K°à;twàʔ;tɔ̀à;twâ;;twàʔ;cwààɡ;;tuaˤ;;;*t*ò*k;;
125;braise;°â;mā;;áà;dá;â;á;â;asiəˤ;á;;;;
126;branche 1;°l°ɔ̂°b;;;;lɔ̂b;;lôw;;loo;lɔ́ɔ̀;lɔ̀;;;
127;branche 2;°l°â°ŋ;láà;làwɔ́;lɛ̂ŋ;;;lwóŋ;lāàŋ;;;;;;
128;briller 1;°k°à°s;;;kàs;;kàh;kòs;;;kàh;;;;
129;briller 2;°p°à°n°à;pànè;pàno;;;pàn;fààn;pànɔ̀;panaa;;;;;
130;briller 3;;;;g̥ɛ́nɡbà;;ncjɛ̀nwà;nkə̀nə̀wà;;;nkjɛ̀nbà;;;;
131;brindille;°k°w°a;;;ɡwáɡwà;;nkpânkpà;;;;nkwâŋàá;;;;
132;brouillard;°ɟ°ù°n°d°á;;;ɡùd;ɟùndɔ́;ɟwìné;ɡúndà;;;ɟwìnó;;;;
133;bruit;°d°ǔ°ŋ;dvɔ̄ŋ;dvṵ̌;;dùŋ;dùú;;dùūŋ;;dùú;;;;
134;brûler;°d°í°K°à;dzə́ɡə̀;jíyɛ;dík;;dîʔ;ɟíɡàl;dīɡɔ̀;dziəˤ;díɡô;dzíɡɟà;;;
135;buffle;;ʒùmə̄;;zwóm;ncwɔ̀m;nzòmó;ʒwàmə́;ncòmō;;nswǒm;;;°j°ò°m°á;
136;cacher 1;°s°ɔ̀°l°Ì;ʃòlì;sɔ̀lɛ;sèl;;sòl;ʃwèl;ʃɔ̀lì;swɛl;sœ̀l;ʃwělì;;;
137;cacher 2;°s°ɔ̀°b;;swàwɔ;sɔ̀w;ʃwàb;swàb;ʃwààw;;;;;;;
138;cachette;°s°ɔ̌;ʃùwō;sɔ̀lá;sɔ̌;;sǒ;ʃwòó;;;sǒ;;;;
139;cadavre;°m°ú°ŋ°V̀;;bìmbó;múù;múŋə̀;múù;;mûŋ;;múù;;;;
140;cadeau;°d°â°s;dás;;;âz;âh;ɟás;;;dâh;;;;
141;cafard;°p°ɛ́°n°ɟ;pə́pə́ŋɟì;pɛ́ɛ́pɛ́ɛ̀;nàpéz;fînɟ;pêh;fɛ̀ɛ̀nʒ;;peepee;;;;;
142;calao longibande;°k°w°á°n°ɡ;;;kwáɡ;;kpáŋ;;;;kpáŋ;;;;
143;calebasse;°b°é°l°à;;;;bâl;bélè;bwálá;;bilɛ;;;;;
144;calme;°m°j°ǒ°ŋ;mìɔ̄ŋ;;;mjòŋ;mjǒŋ;;;;mjòóŋ;;;;
145;caméléon;°N°ɡ°ó°l°ì;ɡúŋɡùlù;dyúngúlɛ̀;ɡóɡól;ɟúŋnkûl;ɟʊ́nkʊ̂l;ɡúnkwîl;ɗónkólī;ɟunɡul;;kwònkùlì;*k*ó*n*ɡ*ò*d*í;;
146;campement;°p°ɛ̀°T;;;pɛ̀t;;pɛ̀r;;;;pɛ̀r;;;;
147;canard 1;°s°Ó°K°Ó;;;sɔ́kɔ́ɔ́;;;;sōzō;;sɔ̀ɡɔ́;sòɡó;;;
148;canard 2;°l°ɔ̀°l°V̀;lwàlè;lɔ̀lɔ̀;;lwə̀lɔ̀;lwàl;lwàl;;lɔlɔ;;;;;
149;canne;°s°ú°m°b°V̀;;;;ʃúmɔ̀;;;ʃūmbì;pfumbi;;;;;
150;canne à pêche;°k°p°á°K°á;;;ɡàkà;páɡa;;kpáɡə́sá;;;kpáɡá;;;;
151;canne à sucre;;ɡwòʔō;ngùɔ́;g̥wǎ;nkwɔ̀ɡ;nkòʔó;nkwàɡé;;nɡwəˤ;nkwoʔó;;*k*ʊ̀;;
152;canon;°b°è°m°b°V̀;;;mbèb;;mbɩ̀m;;mbèmbè;;;;;;
153;caoutchouc;°d°à°m°b°à;də̀mbà;ntàmbɛ̀;dàm;dàmbà;dàmà;ntàmbɛ̀;;dʰambi;dàmà;;;;
154;carquois;°p°ɔ̀°p°Í;;;pɔ̌p;;pɔ̌b;;pàbī;;pɔ̌b;;;;
155;carrefour;°m°à°n;mánə̀;mânù;;màn;màn;mààn;;mɛɛ;màn;;;;
156;casser;°b°ú°K°à;búlì;bvúɔ̀;bwâ;búɡ;búʔò;búɡə̀;būɡɔ̀;bu;búɡô;bù;;;
157;ceinture;°k°à°n°d°á;kàndē;;káná;;kàná;kàndá;kàndā;;kàná;;;;
158;célibataire;°k°ɔ̀;kwò;;kɔ̀;;kò;;kɔ̀;kwɔ;kò;;;;
159;cendre 1;°s°ù°í;;;ʃíí;;swìí;;sūì;;swìí;;*c*u*b*i;;
160;cendre 2;°p°ì;;pfùyá;;fì;;fìî;;pfii;;;;;
161;cent;°t°ɛ̀°T;tə̀ɾə̀;;;ntɛ̀d;tèr;tə̀d;;;tèr;;;;
162;céphalophe à bande dorsale;°c°é°n°V́;kə́nə̀;kénó;tjén;;céné;;;;cjén;;;°c°í°b°ò;
163;céphalophe à dos jaune;°ɟ°ɛ̀°m°á;ɟə̀mə̄;;ɟǎm;;djɛ̌m;;ɟɛ̀mɔ̄;;ɟjɛ́m;;;;
164;céphalophe bleu;;;;kɥèè;;cwìà;cɛ̀;;kɥaŋ;cwìà;;;;
165;céphalophe de Peters;°b°ì°n°d°í;;;b̥ǐd;;mpǐn;;mpìndī;;mpǐn;;*b*ì*n*d*í;°m°b°ì°n°d°e;
166;cérémonie, fête 1;°b°ò°n°ɡ°V̀;búʔ;;bjɔ̀ŋ;;bʊ̂ʔ;;ɓōɡɔ̀;;bʊ̂ʔ;;;;
167;cérémonie, fête 2;;;;;ncɔ̀ŋ;nzɔ̀ɔ̀;zàŋ;;nzɔŋ;nsɔ̀ɔ̀;;*j*á*n*ɡ;;
168;chair;°p°ú°n°d°à;;;pûd;;púnò;fə́ndə̀;pùndɔ̀;;púnò;;;;
169;chair, muscle;°s°ò°n;ʃùnù;sùnɛ́;;ʃùn;sʊ̀n;ʃùùn;;sun;sʊ̌n;;;;
170;chambre;°t°ɔ̂°ŋ;;;tɔ̂ŋ;;ntɔ́ɔ̀;;;;ntɔ́ɔ̀;;;;
171;champignon;°ɟ°ɔ̌;yɛ̀;yɛ́;ɡɔ̌;ɟwə̀;;ɡwòó;ɡwɔ̌;;;jə́;;;
172;changer 1;°s°V́°l°à;;;swólà;;;ʃwólà;;;sjɛ́ɛ́lâ;;;;
173;changer 2;°c°é°n°d°à;kíndà;síndya;;cênd;cénè;cɛ́nd;;;cénê;;;;
174;chanson;°ɟ°é°m°b°à;ɟéì;gyà;ɟeb;;ɟɩ̂m;;;ɟǎ;ɟɩ̂m;;;;
175;chant du coq;°k°ɔ́°K°à;kwáʔàlə̀;;kɔ́à;kwâɡ;kwâʔ;;kɔ̄ɡɔ̀;kwaˤ;;;;;
176;chanter;°ɟ°è°m°b°à;ɟéì;dyà;;;ɟjɛ̀ɛ̀;ɟámb;ɟēmbɔ̄;ɡìɛ̀;ɟɛ̀ɛ̀;ɟɛ̀;;;
177;chanvre;°ɟ°à°m°b°à;;;ɲàbà;;ɟàmà;;ɟàmà;;;;;;
178;charbon;;fyìɾə̀ʔ;gyâ;b̥íl;mpíl;mpíl;;mpīlī;mvulsiəˤ;;kfə́lá;;;
179;charɡe;;;;b̥ɛ̂p;;;;mbàbī;mbʰàb;;;;;
180;charger;°k°á°ŋ°à°l°à;kàŋɡə̀lə̀;;káŋàl;kálò;kààlè;;;kaŋla;kààlò;;;;
181;chasse 1;°ɡ°w°à;;;wàg̥ɛ̂l;;ɡbà;;;;ɡwǎ;;;;
182;chasse 2;°s°ǒ°m°b;ʃùmbə̄;sùmbɔ́;;ʃwòmb;sʊ̌m;;;;sʊ̌m;;;;
183;chasse au filet;°b°j°é°m°à;bímə̀;bwímɔ̀;bjêm;;bjémè;bjâm;ɓjēmɔ̀;;;;;;
184;chasser 1;°s°ɔ̀°m°b°à;ʃùmbə̀;;sɔ̀;ʃwò;sò;;;swambɔ;sò;;;;
185;chasser 2;°ɡ°ú°n°ɡ;;;;wíìnɡ;;wíínɡ;wûŋ;;;;;;
186;chasser 3;°ɡ°w°à;;;wà;wà;ɡbà;;;;;;;;
187;chat doré;°b°j°ê;;;bjɛ̂;;bjê;;;;bwê;;;°b°ò°a;
188;chat sauvage;;bà;;;mpà;mpà;mpà;mpà;mbʰəˤ;mpà;pà;;;
189;chatouiller;°ɲ°ù°K°à°l°à;ɲwàʔàlə̀;;ɲùdlà;;nwàʔrè;ɲwàɡə̀lə̀;;ɲɥamlɛ;;;;;
190;chaud;°ɟ°ú°n°ɡ°À;ɡvúŋə̀;dyṵ̂;ɡwô;ɟúŋə̀;ɟúò;àɡóɡwô;ɡwûŋ;ɡwəˤ;ɟúó;ɡvô;;;
191;chaussure;;ŋɡùbù;kùndá;;nkwòb;nɡʊ̀b;nɡùb;;;nɡʊ̀b;;;;
192;chauve-souris;°ɡ°ù°p;vùbù;wùwù;wùp;;;wùf;;vub;;;;;
193;chauve-souris sp 1;;;gyɛ́mɔ̀;;nɟə̀m;nɟjɛ̂m;ɟâm;;ɟama;ɟjɛ̂m;ɡámə̀;;;
194;chauve-souris sp 2;;ɡvù;;g̥ù;nkù;;nkù;;;;;;;
195;chauve-souris sp 3;°b°à°n°t°ɔ́°n°d°á;;;bàd̥ɔ́dɔ́;;bàntɔ́ná;;;;bàntɔ́ná;;;;
196;chef;°ɟ°ù°ì;ɡwíì;;nɡɥíì;nɟwî;ɟǿø̀;ɟû;;;;;;;
197;chef de famille;°k°ú°m°á;kfúŋkfúmà;kfúmá;kúkúmá;kúkúmá;;;;;kúkúmá;;;;
198;chemin;;zē;ndzǐ;zě;ncì;nzɩ̌;ʒìí;ncě;nzi;nsɩ̌;ʒí;;;
199;chenille;°k°ò°ŋ;kǔŋ;;kòŋ;kùŋ;kʊ̀ʊ́;;kòōŋ;kuŋ;kʊ̀ʊ̀;;*ɡ*ʊ̀*n*ɡ*ʊ́;;
200;chercher;°s°á°ŋ;sɔ̀ŋ;;sáà;sáŋ;sáà;sô;sâŋ;;sáà;;;;
201;cheval 1;°k°à°b°à°l°á;kàbə́lá;kábálá;;kàbàlá;kàbàlá;káwə̀lí;;;;;;;
202;cheval 2;°j°á°n°ɡ°á;;;;;jáŋá;;jānɡā;;jáŋá;;;;
203;cheveu;;;;b̥wòò;mpùŋə̀;mpùò;mpwò;;;mpùò;;;;
204;cheveux blancs;;mbvíìʔ;mbvú;kɔ̀b̥î;mpí;mpî;mpî;;mvu;;;;;
205;chèvre;°k°á°l°a;kə́là;;;kálà;;kálá;;cɛlɛ;;;;;
206;chèvre, mouton;°t°à°b;túò;tàwɔ̀;tâw;tóòb;tàb;tòw;tàà;too;tàb;tò;*t*à*b*à;;
207;chien;;mbī;mbwɛ̌;b̥jɛ̂;mpjó;mpjê;mpjə̂;mpî;mbi;mpwê;pí;;;
208;chimpanzé;°ɡ°w°à°K°V;wàʔ;wàà;wà;;ɡbàʔ;wààɡ;wàɡɔ̀;;ɡwàʔ;;;;
209;choisir;°p°ɛ́°ɛ̀°s;pɛ́ɛ̀;pɛ̂;;fə̀z;pɛ̂h;fɛ́ɛ́ʃ;;pɛɛ;pɛ̂h;;;;
210;chose 1;°s°â;sá;sâ;sâ;sâ;sâ;sâ;sání;sa;sâ;ʃâ;;;
211;chose 2;°s°á°K°Ò;;;;;sɔ̂ʔ;;sáɡɔ̄;;sɔ́ʔɔ̌;;;;
212;chute d'eau;°s°ò°K°V́;;sùKù;sòk;;sʊ̌ʔ;;ʃòɡɔ̀;swəˤ;sʊ̌ʔ;;;;
213;cicatrice;°b°à°m°à;bàm;bàmò;bàm;bàm;bàm;bààm;ɓàmɔ̀;bama;;;;;
214;ciel;°ɡ°ú°Ò;ɡvwúə̄;dyúwɔ̀;ɡwóò;;;;ɡūɔ̀;;;ɡúò;;;
215;cil;°k°ɔ́°n°ɟ°V̀;kwà;;kôz;;kóhò;;kɔ́mì;;kœ̂h;;;;
216;cinq;°t°á°n°V̀;tán;tánɛ̀;tɛ̂n;tón;tɛ̂n;tôn;táání;tan;tɛ̂n;tánì;;;
217;circoncision;;;tsíɛ̀sámɛ̀;b̥ón;;mpʊ́n;;;;mpʊ́n;;;;
218;ciseaux;°ɟ°ò;ɟə̀wò;ndyàwɔ̀;ɲɟ̥ô;nɟù;nɟò;nɟù;;nɟɔwa;nɟò;;;;
219;citron;;yàpíyə̀;;;fíjò;nàpjɔ́ɔ̀;àfjá;;pfiaŋ;;;;;
220;civette;°ɟ°ɔ̀°b;ɡwāā;gwàwɔ́;ɡɔ̌w;ɟwàb;ɟwǎb;;;ɟɥa;ɟwɔ̌b;;;;
221;clairière;°ɟ°ɛ̂°n°ɟ;yə̀ə́lə̀;;;jénɟ;ɟwê;;wjɛ̂;;ɟwê;;;;
222;clavicule;°b°è°n°d°Á;;;bjéd;;bèné;;;;bjěn;;;;
223;clé;°s°à°p;;;sàp;;sàb;;;;sàb;;;;
224;cloche;°b°ɛ̀°n°ɡ°É;bə̀ŋɡə́;;;mbə̀nɡé;bèŋé;;;bɛ̀nɡɛ́;bèŋé;;;;
225;clochette;°k°ɛ́°l°á;;;;;nkálá;nkɛ́ɛ́lə̀;;;nkálá;;;;
226;clôture;°k°á°K;káʔ;káálɔ́;ká;kɔ̂ɡ;kɔ̂ʔ;;;káˤlɛ́;;;;;
227;cochon;;ɡùū;ngǒ;nɡúlù;nkù;nkʊ̌;nkùú;nkòē;nɡu;nkʊ̌;kùnkʷárə́;;;
228;coeur;°l°é°m°à;lə́mə̀;lémò;ljêm;lâm;lémè;lâm;lēmɔ̀;lima;ljêm;límə̀;;;
229;colère 1;°b°ú°K°V́;;bvúú;bùk;;búʔ;;;;búʔú;;;;
230;colère 2;°p°ì;mbvìmbə̀;;;mpìmbə̀;;mpìmbə̀;nkàmbì;;;;;;
231;collier 1;°ɟ°ɛ̂;;;nɡɥɛ̂;;nɟwê;ɟə̂;;;;;;;
232;collier 2;°s°á°n°ɡ°á;sáŋɡī;;sàkà;sánɡá;;sánɡá;;;sáŋá;;;;
233;colline;°b°V́°n°ɡ;;;;bə́mbɔ́ŋ;;bə́mbə́ŋ;;;;bjə́ʔ;;;
234;colobe guereza;°á°n°V̀;;;ɟân;;ɟân;ɟân;ɟānɔ̀;;ɟân;;;;
235;colonne vertébrale;°k°a°l°a;kàʔàlə̀;;kálákòŋ;kálɔ̀kwɔ̀ŋ;kǎékòò;;kǎ;;;;;;
236;combien ?;;;;d̥ěn;;ntíá;;ntīāŋ;taŋ;;;;;
237;commander;°ɟ°ù°ì;ɡwíì;;ɡɥíì;;ɟǿø̀;ɟúù;;dzi;ɟwɩ́ɩ̀;;;;
238;commencer;°t°á°d°à;táàɾè;táKàlɛ;;;táàrè;tádə̀lə̀;;taarɛ;táárô;táʁə̀ɡə̀;;;
239;comment ?;°ɲ°á;;;;;ɲá;;ɲā;na;;;;;
240;compter, lire;°l°á°ŋ°à;lâŋ;lâ̰;láà;;láà;lô;lâŋ;laŋ;láà;làŋà;;;
241;construire;°s°ù°m°à;ʃùmə̀;;sùm;ʃùmɛ̀;sùmò;ʃùmə̀;;;sùmò;;;;
242;content 1;°m°ɛ̀°l°à;;;mjàlà;;mɛ̀ɛ̀làè;;;;mjɛ̀ɛ̀là;;;;
243;content 2;°s°Ò°s°à;;sɔ̀sí;;ʃwààz;sòhò;ʃàs;;susɛ;;;;;
244;coquille;°b°ò°n°d°V́;;bùdɛ́;;bùùnd;ʊ̌n;;;bur;mpʊbʊn;bùrə́;;;
245;corbeau;°ɡ°w°à°ŋ;ŋbàŋ;mgbà̰;;nɡbàŋ;;;;nɡbaŋ;nɡbàŋ;;;;
246;corbeille;°k°à°T;kàɾī;kwɛ̌;kàt;kàr;kǎr;;kàrɔ̄;;kǎr;;;;
247;corde;°k°ù°l°ù;kwòòlə̀;kòyà;;kùùl;kùlùù;;;;kùlù;;*k*ù*d*ù;;
248;corde, liane;°k°ɔ̀°l°Í;;kɔ̀lɛ́;kól;kôl;kǒl;;kɔ̀lī;kwɛl;kǒl;kwɛ́lí;;;
249;corne;°l°à°K°Ò;làʔ;làà;là;làɡ;;lààɡ;làɡɔ̀;laˤ;làʔ;làʔ;;;
250;corps;°ɲ°ó°l°Ì;ɲúlù;yúlɛ̀;ɲîl;ɲún;ɲûl;ɲûl;ɲōlì;ɲul;ɲʊ̂l;ŋúlì;;;
251;côte;;bàŋɟə̀;mpàndyì;b̥àz;mpànɟ;mpàh;mpɛ̀nʒ;;mbʰɔa;mpàh;mpà;*b*à*n*j*ɩ́;;
252;côté;°p°â°K;páʔà;;pâ;fáɡ;pâʔ;;;;pâʔ;;;;
253;cou;°c°í°ŋ;tsə̄ŋ;tsḭ́;cóŋ;cóŋ;cwíí;cjúŋ;cīīŋ;tsiuŋ;cíí;tsú;;;
254;coudre;°l°à°T°À;lààɾə̀;lɔ̀;làt;lààd;làr;lààd;làrɔ̀;;;;;;
255;couler 1;°ɡ°ô;;;wô;;ɡʊ̂;wô;;;;;;;
256;couler 2;°t°ó°P°à;;;;ntóbà;;;;tua;tô;;;;
257;couper 1;°c°í°K°À;tsə́ɡə̀;tsíɛ̀;cíkɛ̀lò;cìɡ;cíʔè;;;tsiəˤ;cíɡô;tsə̂ʔ;;;
258;couper 2;°c°í°n°ɡ°à°l°à;;;;cíɡə̀lɔ̀;cìŋlè;cíɡàl;cɛ̄ɡɔ̀;;cícìɡò;;;;
259;couper, fendre;°s°à°l°a;sàlə̀;sàlɛ;;sààl;sàl;sààl;;sal;;ʃàljá;;;
260;courage 1;;kə́ŋɡà;;g̥ɛ́ŋ;nkóŋ;;nkáŋ;;;;;;;
261;courage 2;°ɲ°à°n°a;;;ɲàn;;ɲàn;;ɲànáà;;ɲàn;;;;
262;courageux, guerrier;;;;g̥ɛ́ŋ;nkɔ̀ŋ;nkɔ́ɔ́;nkáŋ;nɡōɡō;;;;;;
263;courge;°b°ɔ̀°K°V́;;;bók;bùùɡ;bǒʔ;bwòòɡú;ɓɔ̀ɡī;bwəˤ;boʔó;;;;
264;course;°k°á°m°b°V́;;;;;kám;;kāāmbɔ̄;;kám;;;;
265;court;°ɡ°ú°P°l°Ò;;;;;;wúlòw;;vulɔɔ;ɡúblô;;;;
266;couteau;°b°á°K°á;;;b̥áʰ;bááɡ;báʔ;báɡə́;;;báʔá;;*b*á*k*á;;
267;couvrir;°b°ú°d°à°l°à;vúmbə̀lə̀;;bútàl;;bûr;búdàl;;;búúlô;;;;
268;crabe;°d°à°K°V̀;ə́ʔə́;á;;ààɡ;àá;dááɡə́;;aˤ;àá;dàʔ;;;
269;cracher;°s°ɛ̀°V̀;sèèy;;sɛ̀ɛ̀;sjè;sjɛ̀ɛ̀;sèj;ʃàɛ̀;;sɛ̀ɛ̀;;;;
270;crâne, cerveau;°b°ɔ̌°ŋ;bwɔ̂;bwɔ̂;bòbò;bwɔ̌;bòó;;;bwɔŋ;;bwô;;;
271;créer;°k°ù°s°à;;tɛ̂;kùs;;kùhò;;;;kwìhò;;;;
272;crête;°l°ɔ̀°n°ɡ°V́;dwɔ̀ŋ;;;lwɔ̀nɡ;lòŋó;;;ndulɔ̂;lwɔ̌ŋ;;;;
273;creuser 1;°l°í°m°À;;;;límə̀;;lúmə̀;līmɔ̀;;;;;;
274;creuser 2;°p°û;;;pû;;pû;;;;pû;;*p*ù*d;;
275;crevette;°m°ɔ̀°s°V;;;mɔ̀s;mwàz;;;;;mwɔ̀hɔ́;;;;
276;cri;°k°î°m;;nkéKé;;;cím;kîm;;;cím;;;;
277;crier;°k°í°m°À;;;cîm;kə̀m;címè;kîm;cīmɔ̀;;címô;;;;
278;crochet;°ɡ°ɔ̌°b;kwɔ́ʔ;gyɔ́wɔ̀;;;nkwǎb;;nkɔ̀ɔ̄;;nkwɔ̌b;;;;
279;crocodile;;ŋɡàndə́;nkàndɛ́;;nkɔ̀ndô;nkɛ̌n;nkòòndû;nkàndō;;nkɛ̌n;;;;
280;crocodile sp;°b°à°n;;;mbàn;;mbàn;;;;mbǎn;;;;
281;croquer;°p°ú°K°à°l°à;;pfúɛlɛ;pwâl;;pûʔlò;;púɡɔ́lɔ̀;;;;;;
282;cuiller;°t°ô°K;túʔ;túù;;tûɡ;;;;twəˤ;tôʔ;;*t*ʊ́*ɡ*ʊ̀;;
283;cuisine (emprunt français);;kísìn;kísínì;;kísìn;kísìn;;;kisin;;;;;
284;cuisiner;°ɟ°á°m°b°À;ɲámbə̀;gyámbɔ;ɟâb;ɟâmb;ɟâm;ɟáámb;ɟāmbɔ̄;ɟambɔ;ɟâm;;;;
285;cuisse;°d°ò;dù;dù;dò;dù;dʊ̀;ɟùù;;du;dʊ̀;dù;;;
286;cultivateur;°b°ɛ̀;;;;bòl;bèl;;;;bèl;;;;
287;cultiver, planter;°b°ɛ̀;bè;bɛ̀;bɛ̀;bɛ̀;bè;bɛ̀;ɓɛ̀;bɛ̀;bè;bɛ̀;;;
288;danser;°b°ɔ̀°l°à;;;;bwàl;bwàl;bwààlə̀;ɓɔ̀lɔ̀;;bwɔ̀l;;;;
289;danseur;°b°ɔ̀°l;;;bɔ̀lìl;bwɔ̀l;bòl;;;;;;;;
290;debout 1;°t°ɛ̀°l°Í°t°ɛ̀°l°Í;tə́ntə̀lé;té;tétèl;;tîtjěl;tə́tə̀lî;tɛ́tɛ́lī;;cîcjěl;;*t*é*d*a*m;;
291;debout 2;°t°ɛ́°P;;tɛ́bɔ;;tâbtə́tə̀bê;tjɛ̂b;;;;tjɛ̂b;;;;
292;déchirer 1;°ɲ°à;ɲɛ̀ɛ̀;;ɲàw;ɲà;ɲà;ɲà;ɲà;;ɲà;;;;
293;déchirer 2;°t°à°n°d°Ì;;tɛ̀ndɔ;;;tjɛ̀n;tànd;;tɛndi;;;;;
294;décortiquer;°l°ɔ́°à°l°à;lwálə̀;;;lwâl;lwâl;;lɔ̀lɔ̀;lwɔ;lwɔ̂l;;;;
295;défendre 1;°k°ɛ̀°m°b;;;g̥ɛ̀m;kɛ̀mb;kɛ̀m;;;;kɛ̀m;;;;
296;défendre 2;°k°à°m°b°à°l°à;;kàmbɔ;;;kàmlè;kàmbə̀lə̀;;kamla;kàmlò;;;;
297;défense d'éléphant;°s°i°l°O;;síyɔ̀;ʃjóó;;;;fɔ̀lɔ̀;siɔ;;;;;
298;déféquer;°ɲ°à°K°À;ɲàʔ;nyàà;;ɲàɡ;ɲàʔ;ɲààɡ;ɲàɡɔ̀;ɲaˤ;;ɲàʔ;;;
299;défricher;°l°í°à;lè;líyɔ;líì;lî;lî;lî;līɔ̀;;lî;;;;
300;dehors 1;°k°ǒ°l;;;̌kǒl;kúl;kʊ̌l;;;;kʊ̌l;;;;
301;dehors 2;°t°ó°n;;;;tón;;tón;;;;;;;
302;demain;°m°á°n°á;mánā;nàmɛ́nɔ́;ɟémɛ̀n;mán;ómɛ́n;mpə́mán;mɛ̄nɔ̄;mana;ɩ́mjɛ́n;mə́nə́;;;
303;demander 1;°ɟ°î°ŋ;;jíì;ɟíì;ɟí;ɟî;;ɟîŋ;dzii;ɟî;dzí;;;
304;demander 2;°ɟ°ɔ́°m°b°à;;dwàmbo;;ɟwâmb;ɡwâm;ɡwámb;ɡwɔ̄mbɔ̀;ɟɥambɔ;ɡwɔ̂m;;;;
305;dent;°ɟ°è;ɟə̀;gyɛ́;ɟɛ̀;ɟò;ɟjè;ɟə̀;ɟɛ̀;ɟɛ;ɟjè;ɟə̀;;;
306;dépasser;°l°à°n°ɡ°à;lâŋ;là̰;;lànɡ;làà;;;laŋ;làà;làŋá;;;
307;dépecer;°b°à°ŋ;;;bà;bà;bà;bà;ɓàŋ;ba;bà;;;;
308;déraciner 1;°ɟ°ù;;;ɡù;;ɟù;ɡù;;;ɟù;;;;
309;déraciner 2;°p°ù°m°b;pə́mà;pámo;;fùmb;pìm;fùmb;;;pwìm;;;;
310;dérober;°ɟ°í°b°à;dvwúə̀;jíwɔ;ɟúù;ɟíbɔ̀;ɟíbè;ɟíwò;ɟībɔ̀;dziɔ;ɟíbô;dzúà;;;
311;derrière;°b°í°s°À;;písɛ̀;b̥îs;mpízò;píhè;;mpūzɔ̀;pfiɛ;píhò;;*b*í*c*à;;
312;descendre;°s°ù°l°À;ʃùlə̀;fùlɔ;sùl;ʃùlɔ̀;sùlò;ʃùlə̀;ʃùlɔ̀;fulɛ;sùlò;;;;
313;désherber;°ɟ°ù°l°à;ɡvə́lì;dvùbɛlɛ;ɡɥì;ɟùlɔ̀;ɟùlò;ɡùlə̀;;;ɟùlò;;;;
314;dessus, en haut;°k°ó°l°V;;;ɛ̀kó;;kʊ́;;kōlɔ̄;;kʊ́;;;;
315;détacher 1;°t°ì°ì;tsìì;tsḭ̂;tìì;;tìì;;;tsii;tìì;;;;
316;détacher 2;°ɡ°w°ì°n°ɟ;;;;wììnɟ;ɡwìh;wìnʒ;;;ɡwìh;;;;
317;dette;;mbólà;mbúlá;;mpwélá;mpʊ́lá;mpwálá;;mbʰula;;;;;
318;deuil;°b°u°m°b°a;;;pùm;;mpúmá;bùùmb;;;;;;;
319;deux;°b°á;bà;báà;bá;bá;bá;;ɓā;ba;bá;bá;;;
320;devant;°s°ó°K;;sɔ́ɔ̀;pɛ̀sók;ʃúʃwóɡ;;ʃwóɡ;;swəˤ;;ʃûʔ;;;
321;devinette;°p°i°l°a;;lâ̰;pìlɔ̀ɔ̀;;pílé;fə́là;;;;;;;
322;diarrhée;°k°ú°m°b°a°l°o;;kúmbɔ̀lɔ́;;;nkúmlò;nkúmbál;;mpfumbia;nkûmlò;;;;
323;Dieu;;zàmbé;nzàmbí;zɛ̌b;ncììmbé;nzjɛ̌m;;ncàmbē;nzambi;nsɛ̌m;;;;
324;dire 1;°l°V°ŋ;làbə̀;láwɔ;lɛ́ɛ̀;lə̀ŋ;lɛ́ɛ̀;;lāɛ̀;lee;;lɛ́;;;
325;dire 2;°k°è;kè;kì;;;cɩ̀;cì;kè;ki;kè;;;;
326;disette;;;;zɛ́ŋ;;;sáɲ;ncāāŋ;;;;;;
327;disparaître;°d°í°m°b°Ì;;;dîb;dîm;;ɟímb;dīmbì;;;;;;
328;dispute;°ɡ°ô;;;wɔ̂;wɔ̀;ɡô;;;;ɡʊ̂;;;;
329;dix 1;°k°á°m°Á;;;kám;;kám;;kāāmɔ̄;;;;;;
330;dix 2;°w°û°m;wúm;wúmɔ̀;;wúm;;;;wum;wʊ̂m;;;;
331;doigt;°ɟ°ì°n°á;zènə̄;vìnɔ́;ɟǐn;jìnɔ́;ɟìné;ɲìnə́;ɟìnɔ̄;zina;ɟìnó;zìnə́;;;
332;donner;°ɟ°ɛ̀;;kìya;ɟɛ̀;jò;ɟwè;jə̀;jɛ̀;;;;;;
333;dormir, se coucher;°ɟ°á;;dyâ;ɟâɡò;ɟá;ɟâ;ɟâ;ɟâ;;ɟâ;ɟà;;;
334;dos;°k°ɔ̀°ŋ;kwɔ̂ŋ;kɔ̰̂;kòŋ;kwɔ̀ŋ;kòò;;kɔ̄ɔ̀ŋ;kwɔŋ;kòò;kò;;;
335;dot;;ŋɟə́lə̀;;g̥ɥál;;ncwɛ́l;ncál;ncɔ̄lɔ̀;;;;;;
336;doter;°k°w°â°l°À;kyə́lə̀;;kɥâl;;cwɛ̂l;;cɔ̄lɔ̀;;cwɛ̂l;;;;
337;droite;°ɟ°ó°m°V̀;ndùm;;;;ɟʊ̂m;;ɡwōmɔ̄;ɟum;ɟʊ̂m;ɡùmì;;;
338;dur, fort;°a°l°Ì;lə̀lə̀;;ljèl;làl;lɩ́l;làl;lèlāā;;ljèl;lìlə̀;;;
339;durer;°b°V̀°V̀;bùyà;;;;bjéà;bwèj;ɓɔ̀ɛ̀;;bwɩ̀à;;;;
340;eau;°d°í°b°Ó;dvúè;jíwɔ́;díí;díbɔ́;díbé;ɟíwó;dībɔ̄;dziɔ;díbó;dzúə́;*d*í*b*á;;
341;écaille;°p°à°p°â;pə̀pá;;pàpâ;fə̀fâ;pàpâ;;;;pàbáà;;;;
342;échouer;°k°ù;kfwə̀;kwê;;kù;kù;;;cu;kù;;;;
343;éclair;°ɟ°à°s°V̀;;;nɡɥɛ̀s;nɟòz;ɟwèh;ɟòs;;jɛ̀sɛ̌;ɟwèh;;;;
344;éclair, tonnerre;;ɡálè;ngálɛ̀;g̥ɛ̂l;nkɔ́l;;nkɛ̂l;;nɡal;nkɛ̂l;káʔálì;;;
345;éclater;°t°ó°l°Ì;túlì;;;;;;tōlì;tulaˤ;twɩ̂l;;;;
346;écoper, pêcher à la corbeille;°l°ó°K°à;lwɔ́ʔ;;lwâ;lwɔ̂ɡ;lóʔò;;;;lwóʔ;;*t*ʊ́*ɡ;;
347;écorce;°p°ɔ°K;;páKá;pɔ́k;;pɔ̂ʔ;ápàɡ;;paˤ;;;;;
348;écraser;°s°ì°à;;;ʃìì;;sìè;;;;sjóólô;;;;
349;écraser, moudre;°k°ɔ̀°K°à;kwàʔ;kwà;;kwàɡ;kwàh;;kɔ̀ɡɔ̀;kwaˤ;kǒʔ;kwàʔ;*ɡ*ò*ɡ;;
350;écrire;°t°ì°l°à;tsə̀lì;tsìlɔ;;tíl;tìlè;cìlə̀;cɔ̀lì;;tìlò;tsílá;;;
351;écureuil à quatre raies;°s°é°n°ɟ°Í;;síngí;séz;sínɟ;sǿh;;;sindi;swɩ́hɩ́;ʃìnɡì;;;
352;écureuil ɡéant de Stanger;;;mpǒ;b̥òk;mpùùɡ;mpʊ̌ʔ;;;;;;*b*ʊ̀*ɡ*ɩ́;°b°ò°K°ó;
353;éduquer, conseiller;°l°Í°à;;;ljô;lwɔ̂;lɩ̂;;;liɔ;lɩ̂;;*d*ɩ́*b;;
354;éléphant;;ʒwɔ̀ʔ;njɔ́Kɔ̀;zòk;ncwòɡ;nzòʔ;ʒwòɡ;ncɔ̀ɡì;nzwəˤ;nsòʔ;ʒwə̀ʔ;;;
355;émoussé;°t°í°n;tfə́nə̀;;tínlà;;twîn;;;;twîn;mjámínɡálì;*t*ú*ù*n;;
356;emprunter;;;kùlɛ;ɡɥî;;ɟwíì;;wîŋ;;;;;;
357;endroit;°d°í;;;dí;;;;ɓàndì;;;dzí;;;
358;enfant 1;°ɔ́°n°à;wánə̀;wánɔ̀;ɔ́n;;wân;;ɔ̄nɔ̀;ua;wɔ̂n;múò;;;
359;enfant 2;°k°á°K°V́;;;;káɡ;;káɡə́;kɛ̄ɛ̄;;kwìì;;;;
360;enlever;°d°ù°s;;;dùs;;;;dùì;;dwìh;;;;
361;ennemi;;zə́zə̀ŋ;;;ncíncɔ́ŋ;zwínzwíí;ɟínɟánz;;;sínsíŋ;;;;
362;enrouler;°p°í°l°à;pfílə̀;;;;pílè;fílə̀;;;pílô;;;;
363;enseigner;°ɟ°É°ɡ°à°l°À;yə́ʔə̀lə̀;gyíkɛsɛ;jɛ́kɛ̀lɛ̀;ɟíɡə̀lè;jêʔlè;;;ɡiɡ;;jə́ɡə̀lə̀;;;
364;entendre, comprendre;°ɟ°ó°K°à;ɡwɔ́ʔ;dyúwɔ;ɡwâ;ɟwôɡ;ɟóʔò;ɡwáɡ;ɡwōɡɔ̀;ɡwəˤlɛ;ɟúɟwòʔ;ɡwâʔ;;;
365;enterrement;°d°è°l°á;dèlā;dìlá;dèlá;ndèlá;dɩ̀lá;də̀ljà;;;dɩlá;;;;
366;enterrer;°d°è°l°I;dèlì;dìlɛ̀;dêl;dèl;dɩ̀l;də̀l;ɗèlì;dil;dɩ̀l;;;;
367;entier;;;njìmɔ̀;;;ntìnɩ̂;ncìndî;ntìndī;;ntìnɩ̂;;;;
368;entre;°p°á°K°V;péʔə̀ɾá;;páktà;fáɡə́rá;páʔ;;pɔ̀ɡì;paˤla;páʔá;;;;
369;entrer 1;°n°í°à;ɲíì;nyî;nî;nî;nî;ɲî;nî;nii;nî;níà;;;
370;entrer 2;°ɲ°í°n°ɡ°à°l°à;ɲíŋɡə̀lə̀;;;níìnɡ;níŋlè;ɲínɡàl;;;;;;;
371;envelopper;°ɡ°ó°l°à;wúlə̀;;wôl;wə̂l;;wóòlə̀;;;;;;;
372;envoyer 1;°k°è°n°d;;;cèd;kènd;cjèn;kə̀nd;;;kèn;;;;
373;envoyer 2;°l°ó°m°b°à°l°À;lúmì;lúmɛ;lwôm;lwɔ́mbə̀lɔ̀;lómlò;;lōmɔ̂;lumlɛ;lwómlô;lúmə́lə̀;;;
374;envoyer 3;°t°è°n°ɟ;;;;;ntɩ̀h;ntìʃ;ntèè;;ntɩ̀h;;;;
375;épais;°p°í°p°à;;bíbɔ̀;pîp;;pìbè;fìfə̀;pìbāā;bviɔ;pìbò;;;;
376;épaule 1;°b°ɛ̀°K;bə̀ʔ;bɛ̀Kɛ̀;bjà;bààɡ;;bàɡ;;biaˤ;bjɛ̀ʔ;;;;
377;épaule 2;°b°ɛ̂°n°ɟ;;;bɛ̂z;;bɛ̂h;;;;bɛh;;;;
378;épervier (oiseau);°b°é°n°Ì;;;;;bɛ̀n;;mɓjēnì;;bjɛ̀n;;*b*ɩ̀*n*ɡ*á;;
379;épine;°ɟ°ɔ̀°K°V́;ɡwàʔā;dyùwá;ɡwǎ;;ɟwǎʔ;;ɡwɔ̌;;ɟwɔ̀ʔɔ́;ɡwáʔ;;;
380;éplucher;°s°â°l;;;swâ;sâl;;sád;;;;;;;
381;épluchure;°b°ò°n°d°V́;bùndū;bùdɛ́;bód;bùùnd;;bùùndú;;bur;pʊ̌n;;;;
382;épouse 1;°à°l°í;;;ɛ̌l;;myàá;;mjàlī;;mwɛľ;;;;
383;épouse 2;°ǎ;;;;;mjàá;;mjǎ;;mwáá;;;;
384;épouser;°b°â;bá;bâ;bâ;bâ;bâ;bá;ɓâ;bana;bâ;bà;*b*á*d;;
385;escargot;;ŋɡwálà;ngwálà;g̥ɔ̂l;nkwâl;pǐ;nkwâl;nkɔ̀lɔ̀;nɡwala;nkwɔ̂l;;;;
386;escargot sp;;;;;;ántǎl;ntààlɛ́;ntàlɔ̄;;ntǎl;;;;
387;esclave;°k°ɔ́°m;;;kwóm;kwɔ́m;;;;;kwóm;;;;
388;espérer;°b°ú°K°à°l°à;;;;búɡə̀là;bûʔlà;búɡə̀là;;bvaˤla;búʔlâ;;;;
389;espoir 1;°b°ú°n°ɡ°ó;;;bún;búɡó;búʔó;;;;búɡó;;;;
390;espoir 2;°b°û°K;;;;;mpûʔlà;;;bvaa;búʔlâ;;;;
391;esprit, fantôme;°d°î°m;;;dîm;;dîm;ɟîm;;;dîm;;;;
392;essayer;°k°ì°K;;kìyɛ;;kə̀ɡ;;kàɡ;;kiəˤ;;;;;
393;essuyer 1;°p°í°m°b°V̀;fímì;pímbɛ;;;pîm;;;pfimbi;fîm;kfə̀mbíà;;;
394;essuyer 2;°t°ì°n°d;tsə̀ŋɡə̀là;;súŋàl;;tìn;cìnd;;tsindala;tìn;;;;
395;étagère, grenier;°t°â°ŋ;;;táà;;;tô;tâŋ;;;;;;
396;étaler;°ɟ°à°n°ɟ;ɟɛ̀ŋɡì;;ɟà;;ɟàn;ɟɛ̀nʒ;;;;;;;
397;étang, lac;°t°o°ɡ°o;twɔ́ʔə́;bàdɔ́;tòk;tûɡ;tóʔ;còɡú;;;;;;;
398;éteindre;°d°í°m°à°l;dzə́mà;;dímàl;;dímè;ɟímə̀;dīmɔ̀;dzimnɡu;dímô;;;;
399;éternuer;°t°è°m;tsə́mbə́lè;tsímɛlɛ;tèè;;tœ̀œ̀;;;tsimlɛ;;;;;
400;étincelle;°k°â;kə́ká;;kâ;kə́ká;kákâ;kə́kâ;;;;;;;
401;étoile;°c°ó°n°Í°c°ó°n°Í;kyɛ́nìkyɛ́nè;;kɥékɥén;cícéné;cwícwén;àcɛ́ncə́nî;cɔ̄cɔ́ní;;cwícwɛ́n;;;;
402;étranger;ɟÔŋ;ɟə́ŋɡə̀;gyɛ̰̂;ɟôŋ;nɟóŋ;ɟwóò;ɟôŋ;ɟɛ̄ɔ̀ŋ;nɟɔŋ;ɟjóò;ɟû;;;
403;être;°b°ɛ̀;bə̀;bɛ̀;;bò;;bə̀;ɓɛ̀;;bè;;;;
404;éviter;°s°á°K°á°l°à;sə́ʔə̀lə̀;;;;;;sáɡálɔ̀;saˤlɛ;sjɔ́hlô;;;;
405;excrément;°s°í°ɡ°á;ʃwáʔà;;ʃjá;;síʔé;ʃíɡə́;sīɡɔ̄;;;;;;
406;fabriquer, tailler;°k°w°à°K;;;kwà;;kpàʔ;;;cɥaˤ;kwàʔ;;;;
407;faible;°t°ɛ̀°K;;tɛ̀gá;tjà;;tjɛ̀ʔ;tàɡ;;tiaˤ;cjɛ̀ʔ;;;;
408;faim;;zà;ndzà;zà;ncà;nzà;ʒà;ncà;nza;nsà;ʒà;;;
409;faire;°s°â;sá;sâ;sâ;sá;sâ;sâ;sâ;;sâ;ʃá;*c*á*d;;
410;femelle;°ɟ°á°l°V;myálə̀;wálɛ́;ɛ́ltà;mjɔ́l;jɛ́l;ɟòòlú;;mialɛ;;;;;
411;femme 1;;;;mùmá;;ʊ̀má;;;;ʊ̀má;;;;
412;femme 2;;ùrá;ùdâ̰;;wàrá;;;;ura;;ùrá;;;
413;fendre;°b°ô;;;bô;;bʊ̂;;ɓô;;bʊ̂;;*b*ú*k;;
414;fenêtre (emprunt anɡlais);;vúndè;wúndɛ̀;;vúndə̀;wínì;vúndè;;wundi;wɩ́nɩ̀;;;;
415;fer;;;;g̥wôz;nkwə̀nɟ;nkóhò;nkwánz;nkōnɟɔ̀;;nkwôh;;;;
416;fermer;°d°ì°b°à°l°à;;jìbɔ;dìwàl;;dìbè;ɟìwàl;dìbɔ̀lɔ̀;dziɔ;dìblò;;;;
417;fesse;°b°é°n°à;;bénó;bjén;bán;béné;bán;;bina;bjén;bínə́;;;
418;feu 1;°û;;;û;;;ɟû;dû;;;;;;
419;feu 2;°s°i°K°à;;síyɛ̀;;;sìʔè;;;;sìɡò;sə̀ʔ;;;
420;feuille;°k°á;kā;ká;ká;ká;ká;ká;kā;ka;ká;ká;*k*á*j*á;;
421;feuille de raphia;°b°ǒ;;jímbɔ́;;;bʊ̌;;ɓǒ;;bʊ̌;;;;
422;fièvre, froid;°ɟ°Ô°ŋ;yúò;dyṵ̂;ɡjôw;jôŋ;ɟwóò;jôŋ;wīɔ̀ŋ;;ɟjóò;jô;;;
423;filet;°ɡ°ó°T;wáɾə̀;wáádɔ́;ɥét;wûd;;wód;;;;;;;
424;fin;°s°í;sə́lì;fwálá;;síjé;síé;;sīɔ̀;;síó;;;;
425;finir;°s°í°l;sə́lì;sílɛ;ʃílàl;síl;sîl;ʃínàl;sīlì;sil;sîl;sílì;;;
426;flamme;°ɟ°ò°l°Ì;ɡùlù;yùlɛ̀;ɡɥèl;ɟɛ̀lɛ̀;ɟʊ̀l;ɡwìljè;ɡwòlì;ɟul;ɟʊ̀l;;;;
427;fleur;;sám;;zɛ̀m;ncɔ̀mb;nzɔ̌m;zòòmú;ncàmī;nzam;sɔ̌m;ʒàmé;;;
428;foie;°s°ɛ́°K°V̀;sə́ʔ;sɛ́Kɛ̀;ʃjêk;;swôʔ;;sɛ̄ɡī;səˤ;;ʃêʔ;;;
429;folie;°m°j°â°n;;;mjân;mjàn;mjɛ̂n;;;;mwɛ̂n;;;;
430;fontanelle;°b°ɔ̀°b°ɔ̂°l°V;bùúlù;;bóbôl;bùbûl;bòbôl;;;bvubɛlɛ;bòbôl;;;;
431;force;;ɡvùlú;ngvúlɛ̀;g̥ɥìl;kùl;nkùl;nkùl;nkùlì;;nkùl;kfílì;*ɡ*ù*d*ì;;
432;forêt;°d°ì°K°V́;dzə̀ɡə̀;jìí;dík;dùɡ;dwǐʔ;ɟùɡú;dìɡī;dziəˤ;diʔí;dzə́ʔ;;;
433;forêt vierge;°k°ò°m°b°V̀;ɡwùmbə̀;;kwòm;kwàmb;kòmò;kwàmb;;;kwòm;;;;
434;forger;°l°ú°l°À;lúlə̀;;lûl;;lúlò;lúlə̀;;;lúlô;;;;
435;forgeron;°l°ú°l°V̀;lúlə̀;;lúlìl;lûl;lûl;àlúlə̀;;;lûl;;;;
436;fossé;°b°ó°K°Ì;bē;;;bwîɡ;bɩ́ʔ;bwíɡ;;bi;bwɩ́ʔɩ́;;;;
437;fourchette;°s°ɛ̂°s;;;sɛ̂s;;sjɛ̀h;;;;sɛ̀h;;;;
438;fourmi;°s°ú°K°Ì;;;sûk;ʃûɡ;sûʔ;fúɡə̀;ʃūɡì;fəˤ;;fûʔ;*j*e*ɡ*ʊ*?;;
439;fourmi sp;°s°ɔ̀°n°V;;sɔ̰̀;sɔ̀n;;;ʃwàànə́;;swana;;;;;
440;fourmi sp, termite sp;;;;b̥àm;;mpɔ̀m;mpòòm;;;;;;;
441;frère (Ego Fem);;dòm;;d̥ém;ntúm;ntʊ̂m;ncûm;ntóm;;ntʊ̂m;;;;
442;frère, cousin;°m°í;míâŋ;míyù;;míjɔ̀ŋ;ɩ́ɔ̀ɔ́;míjòŋá;;miuŋ;;;;;
443;frère/soeur aîné;°t°ó°l°Ì;tómbà;túmbà;tél;;tʊ́l;;tōlī;;twɩ́l;;;;
444;frère/soeur cadet;;sándòmbó;ntɛ̀mbɔ́;d̥jěb;;ntwóm;ntə̀mbú;ntɛ̄mb;ndʰɛm;;tə̀mbí;;;
445;frire, griller;°ɟ°â°ŋ;yáŋ;gyâ̰lɛ;;ɟâŋ;jâŋ;jâŋ;ɟâŋ;ɟaŋ;;;;;
446;froid;°t°è°l°à;téyà;;tèlà;;tàlà;tə̀là;tèlāā;;tálá;;;;
447;frotter;°s°ó°à°l°à;sə́lə̀;sílɔ;;ʃúlə̀;swóòlò;ʃúlə̀;;silɛ;swóólô;;;;
448;fruit;°b°ù°m°á;mvə̀má;bvùmá;bǔm;bùmó;ùmó;bùmə́;bùmɔ̄;bvuma;bùmó;ɡvə́má;;;
449;fuir;°p°ú°n°d°à;;;;fúndɔ̀;;fə́ndə̀;;mpfundɛ;;;;;
450;fumée;°ɟ°ú°l°ù°K;;;ɡúlùk;;ɟúlùù;;;;ɟúlʊ̀ʊ̀;;;;
451;fumer;°d°ù°l°à;;;dùld̥ɛ́lɛ̂k;dùlò;dùlò;;dùlɔ̀;;;;;;
452;fusil;;ɡálì;;g̥ɛ̂l;nkɔ́l;nkɛ̂l;nkɛ̂l;nkālì;;;;;;
453;garder 1;°b°à°K°à°l°à;bàʔàlə̀;báàlɛ;;;bàʔlè;bàɡə̀lə̀;ɓàɡɔ̀lɔ̀;;bàʔlò;;;;
454;garder 2;°k°o°m°à;;;;;kòmò;;kòmò;;kùkwòm;;;;
455;gauche;°ɟ°à°l°ì;;;ɛ́mjɛ̀l;;mjɛ̌l;;mjàlī;maɟal;mwɛ̌l;ɟàlì;;;
456;gecko;°ɟ°á°K;ɟáā;;;ɟìɟâɡ;ɟá;;wjā;japɛndɛ;ɟɩ́ɟâ;;;;
457;gémir;°s°í°m°b°à°l°à;sə́mbə̀là;;ʃím;símə̀là;;címbə̀là;ncīmɔ̀;zimla;;;;;
458;gendre;°ɟ°ó°m°V̀;ɡúm;;ɡómɔ̂n;nɟûm;;;;;;ɡúm;;;
459;génération 1;°k°ù°l°à;;;kùlà;kùlà;kûl;;;;;;*k*ʊ́*d*à;;
460;génération 2;°ɟ°à°K°à;;;;;;ɟà;ɟàɡà;;ɟùò;;;;
461;genette servaline;;sə́ŋ;;ʃîŋ;ncínɡà;;;;;síì;;*c*í*n*ɡ*ì;°c°ì°n°ɡ°ì;
462;genou;°b°ɔ́°ŋ;bwɔ́ŋ;bɔ̰́;bóŋ;bwóŋ;bóó;bwóŋ;ɓɔ̄ɔ̄ŋ;bwɔŋ;bóó;bú;;;
463;gifle;°b°ɛ́°n°ɟ;bâmbèlì;bándyì;bɛ̂z;;bɛ̂h;bónz;;;bɛ̂h;;;;
464;glisser 1;°ɟ°à°n°d°à°l°à;;;ɟàd;ɟàndə̀là;;;;ɟandala;;;;;
465;glisser 2;°ɟ°ɛ̀°n°d°V̀;;gyɛ̀ndɔ̀;;ɟɛ̀nd;;;;ɟɛndɛ;ɟjɛ̀n;ɟɛ̀ndə̀;;;
466;gorge;;ɡɔ̂ŋ;ngɔ̰̀língɔ̰́lì;g̥òŋòg̥óŋól;nkwɔ̌mìn;nkòòlʊ̀nkóòlʊ̀;kwómìnú;kɔ̀nkɔ́ɔ́ŋlì;nɡwɔŋlinɡwɔli;;kwə̀ʔ;;;
467;gorille;;ndzìlə̀;ndzìɛ̀;ɟ̥ìl;;ncìlè;ncì;ncìlɔ̀;;ncìlò;;*ɡ*ì*d*à;ɡi;
468;goûter 1;°b°ó°b°à°l°À;búʔùlə̀;bwɛ̀dɔ̀wɔ̀;bóâl;;bóblò;;ɓóɔ́lɔ̀;;bwóblô;;;;
469;goûter 2;°k°V̀°K°_;;kìyɛlɛ;;kàɡə̀lə̀;;kàɡ;;kiɛˤlɛ;;kjə̀ʔ;;;
470;goutte;°t°ɔ́°V́°?;twó;tɔ́;tɔ́;;tó;cwə́;tɔ̄;;tó;;*t*ó*n*á;;
471;goutter;;;;;ntóbà;tɔ́bà;;;;tɔ́bâ;;;;
472;graine;°b°ù°m°á;bāŋ;bàngá;bùm;bùmó;;búbùmə́;;;;bvə̀má;;;
473;graisse;°ɡ°ɔ́°ŋ;wɔ̄ŋ;wâ̰;wɔ́ɔ̀;wáŋ;ɡʊ́à;wóŋ;wɔ̂ŋ;wǎŋ;;wô;*p*ó*n*ɡ*ò;;
474;grand;°n°é°n°é°n°é;;nɛ́nɛ̀;;nə́né;nɩ́nɩ́ɩ́;;;;nɩ́nɩ́ɩ́;nə́ní;;;
475;grand vent;;;;g̥úù;;nkúò;nkwô;;;;;;;
476;grand-mère;;;;nàjé;ájô;;jàâ;āɛ̄;;jà;;;;
477;grand-père;;mbámbə̄;mbámbɛ́;séb̥áb;dá;;;;bɔmbambɔ;;pámbí;;;
478;grande pluie;°d°ǔ°m°b;;;dǔb;;dǔm;;;;dǔm;;;;
479;grandir;°ɡ°ó°Ì;wúū;;ɥê;wê;ɡǿè;wù;wōè;;;;;;
480;gratter;°ɲ°à°K°à°l°à;ɲàʔàlə̀;nyàlɛ;ɲàl;;ɲɛ̀ʔlè;;ɲàɡɔ̀lɔ̀;;ɲàʔlò;;;;
481;grêle;°t°á°n°ɡ°à;tándə̀;tánà;;tánàmwɔ̀;tánàá;;;;tánàá;;;;
482;grenier;;ɡvùndà;;;nkùndà;nkùnà;;;;nɡùnà;;;;
483;grenouille;;;nkɔ́ngɔ́;;ǎdwàm;ádwàm;;ɗɔ̄mbɔ̄;;dwɔ̀m;;;;
484;griller;°b°ù°m°b°À;bvùbə̀;;;bùbɔ̀;bùbò;;bùmbɔ̀;;bùbò;;*b*ù*m*b;;
485;grimper;°ɟ°ò;ɡùù;;ɡòò;ɟò;ɟʊ̀;ɡwò;ɡwò;;ɟʊ̀;;;;
486;gros, grand;°b°ɔ́°K°à;bwàʔ;bɔ̀ɔ̀;bwà;bwâɡ;bwàʔ;ábùwàɡ;ɓɔ̀ɡáà;bwaˤ;bìà;;;;
487;grossesse;°b°ù°m°Ì;;;bùm;;bùm;bùm;bùmì;;bùm;;;;
488;grossir;°b°ɔ̀°K;bwɔ̀ɡə̀lə̀;bwà;bwà;;bwàʔ;bwààɡ;;;bwɔ̀ʔ;;;;
489;guérisseur;;ɡâŋ;ngà̰ngá̰;g̥àà;nkàŋ;nkàà;ánkò;nkàŋ;nɡaŋ;nkàà;kà;;;
490;guerre;°d°à°m°b°V̀;;;ɛ̀b;ɔ̀mb;ɔ̀m;òmb;àmbì;;dɔ̀m;;;;
491;hache;;zɔ̂ŋ;tṵ́ṵ̀;zêŋ;cûŋ;nzǿø̀;zə̂ŋ;ncɛ̄ɛ̀ŋ;;nswɩ́ɩ̀;sû;;;
492;haïr;°s°í°ŋ;síə̀;;ʒíŋ;;;ʃə̂ŋ;;;síô;só;;;
493;hanche;°b°ó°K°Ì;;;bôk;bûɡ;bʊ̀ʔ;búúɡ;ɓōɡì;bwəˤ;;;;;
494;héliosciure de Gambie;°p°ɛ́°l;;;pɛ́l;;pɛ́l;;;;pɛ́l;;;°p°á°d°é;
495;herbe;°k°a;kā;ká;kà;ká;;àkándà;;;;;;;
496;héritage;°l°ì°K°à;lə́ɡè;;;;líʔè;;līɡɔ̀;;líɡô;;;;
497;hernie des testicules;°b°j°à;;gyà;bjà;;;bjà;ɓjà;;bwà;;;;
498;heurter;°b°ò°m;;;;;;bwìm;;bum;bwìm;;*b*ʊ̀*m;;
499;hier;°k°ò°K°ó;ókùʔú;nàkùgúù;kòkó;kùɡú;kʊ̌ʔ;;kò;;kʊ̌ʔ;kúɡú;;;
500;hippopotame;;ʒwɔ̀ʔmə̀dvwə́ə̀;;zòdíí;cwòɡmə́díbɔ́;nzòʔmèdíbé;ʒwòɡmə̀ɟíwó;;;;;;°j°ɔ̀°ɡ°ù;
501;homme;;òɾóm;ùdṵ̂;òtôm;ùrûm;ʊ̀rʊ̂m;;òrōm;;ʊ̀rʊ̂m;ùrú;;;
502;homonyme;°k°ɔ̀°l°á;kùlá;;;kwàlá;kɔ̀lá;;;;kɔ̀lá;;;;
503;honte;°s°ɔ́°n°Ì;ʃwónə̀;sɔ́nì;sên;ʃû;sôn;ʃwôn;ʃɔ̄nì;swɛn;sôn;ʃwə́nì;;;
504;hoquet;°s°é°K;zə́zə́ʔ;síawa;sêsêk;sísɔ̂ɡ;nzǿnzø̂ʔ;;;;;;*c*é*k*ʊ̀;;
505;houe;°b°à°K;bàʔ;bàgò;b̥àk;bɔ̀ɔ̀ɡ;bɔ̀ʔ;bòòɡ;;;bàʔ;;*b*à*ɡ*ò;;
506;huile;°m°ú°l°À;;;mûl;;múlò;;mbūlɔ̀;;múlô;;;;
507;huit;°ɔ́°m°Ì;;lɔ̀mbì;;mwôm;mwòm;;;;mwòm;mwàmè;*j*à*m*b*ì*?;;
508;ici, là 1;°w°â;wà;;wá;nwà;wâ;wà;wâ;wa;wâ;wà;;;
509;ici, là 2;°k°á°K°Ò;ká;;ká;kóɡ;kâ;ká;káɡɔ̄;;kâ;pə́kà;;;
510;ici, là 3;°n°á°ǎ;;;;;náǎ;nà;ná;;náǎ;;;;
511;igname 1;°ɡ°ó°m°V̀;ɡúmà;;ɡwôm;;;ɡwâm;;;;ɡúmɔ̀;;;
512;igname 2;°b°j°à°l;;;;;bjàl;bjàl;;;bwàl;;;;
513;ignorer;°ɟ°é°K°à;;;ɟâ;ɟáɡ;ɟéʔè;ɟáɡ;ɟēɡɔ̀;;ɟjâʔ;;;;
514;île;°c°í°n°ɟ°V;;;;;cíhé;ncììnɟè;;;cíhó;;;;
515;imiter;°b°à°ŋ°à;;;bàŋàl;;bàŋà;;;;bàŋà;;;;
516;impôt;°t°ɔ́;twóyà;;;tjâ;tœ́à;;;tɔja;tójà;;;;
517;infirme, infirmité;°ɟ°ɛ́°m°à;ɟéŋɟə́mə̀;;náɟâm;;ɟjɛ̂m;ɟám;ɟɛ̄mɔ̀;;ɟjɛ̂m;;;;
518;inondation;;;mbḛ̀;;mpùŋ;mpɩ̀ɩ̀;;mpēɔ̀ŋ;mbʰiuŋ;mpɩ̀ɩ̀;;;;
519;instrument de musique 1;°ɡ°ò°m°b°í;;;ɡɔ̀mbí;;nkø̌m;;;;nkœ̌m;;*ɡ*ò*m*b*í;;
520;instrument de musique 2;;;;;mpêd;pêr;;;mbɛrɛ;;;;;
521;instrument de musique 3;°s°à°n°ɟ°V̀;;;;sànɟà;sànà;;sànɟì;;;;;;
522;insulter;°l°ó°Ì;lwíì;lṵ̂;léè;lwî;lǿø̀;lwì;;lɥi;lwɩ́ɩ̀;lɥì;;;
523;interdit, tabou;°c°ì°Ò;;tsì;cì;cì;cì;cì;cìɔ̀;tsi;cì;tsə̀;;;
524;intestin;°ɟ°à;ɟà;gyà;ɟà;nɟà;ɟà;ɟà;ɟà;ɟa;;ɟà;;;
525;jachère;°b°ù°T°ì;;;bìt;;bùr;;bùrì;;bùr;;;;
526;jalousie;°ɡ°ú°_;;;wú;;ɡú;wú;;wubaa;ɡú;;;;
527;jeter;°m°ì°à°s;;mwàsɔ;mɔ̀s;;mjàh;;;mia;mwàh;;;;
528;jeune femme;°s°ì°l°à;;;ʃìlà;ʃìlò;sìlè;;sìlɔ̀;;sìlò;;;;
529;jeune fille;°s°Í°s°à;síyà;;ʃîs;sə̀s;séhè;sás;;siɛ;sjêh;;;;
530;jeune homme;°ɔ́°n°ɟ°á;;wányɛ̀;wáz;;;ɡwéénʒá;ɡwānɟɔ̄;ɥandɛ;;;;;
531;jeune mère;;byáà;bwàlá;nábjà;;ábjɛ̀ɛ́;àbjàá;áɓjā;;bwɛ̀ɛ́;;;;
532;joue;°m°ú°K;;;múk;;múʔ;;;;múʔ;;;;
533;jouer (instrument);°b°ò°m°à;bùmà;;bwòm;;bòmò;;;bumǎ;bwòm;;;;
534;jouer 1;°s°á;;sâ;;;;;;;;;;;
535;jouer 2;°l°ɛ́°K;léè;;;lêɡ;lê;lɛ̂;;;;;;;
536;jour 1;°ó°b;dúò;ùwɔ̀;dwô;wôb;ʊ́ò;wôw;;;dwôb;dúə̀;;;
537;jour 2;°l°û;lù;fû;lû;;lû;;;;lû;;*t*ú*k*ʊ̀;;
538;journée;°ɔ́°s°á;móā;músɔ́;;mwáz;móhó;;;;mwɔ́hɔ́;múá;;;
539;juger;°c°í°K°a;tsə́ɡə̀;;;cíɡò;;;cɛ́ɡɔ́;tsiəˤ;;;;;
540;jumeau;°ɡ°w°â°s;wáà;wǎ;wás;mwâz;ɡbâh;wáás;;wua;ɡwâh;;;;
541;kaolin blanc;°p°ɛ́°m°b°a°?;pə́mbə̀;pɛ́mbɔ́;pjáb;fɛ́m;pɛ́m;fə́m;;pɛmbɛ;;;*p*é*m*b*é;;
542;laisser;°b°Í°T°Ì;bíɾì;;bít;bír;bîr;bə́d;ɓjērì;;bwɩ̂r;;;;
543;laisser, rester;°l°í°K°À;lə́ɡə̀;líɛ̀;lik;líɡò;lîʔ;léɡə̀;līɡɔ̂;;líɡô;;;;
544;lait;°ɲ°á°ŋ;ɲâŋ;nyâ;;ɲáŋ;ɲâŋ;;;;ɲáà;ɲà;;;
545;lampe (emprunt français);°l°á°m°b°à;lə́mbà;lámbɔ̀;;;lámà;lâmbɛ̀;lámbá;lámbɔ̀;lámà;;;;
546;lance;°k°ɔ̀°ŋ;kwɔ̄ŋ;kwǎ̰;kɔ̀ɔ́;kwàŋ;kʊ̀á;;kɔ̌ŋ;kwǎŋ;kʊ̀á;kwǒ;;;
547;langage, parole;°l°ù°b°Í;;;líí;;lwǐb;;lùbī;;lwǐb;;;;
548;langue (organe);°ɟ°é°m°V̀;ɟím;gyímù;ɟêm;ɟôm;ɟɩ̂m;ɟjûm;ɟēmì;ɡim;ɟɩ̂m;ɡímì;;;
549;laver;°ɟ°ò;ʃwìì;sìya;ɡɥìɟà;ɟùzà;ɟø̀à;ɡwìjà;ɡwòjà;;ɟwɩ̀ɩ̀;;;;
550;lécher;°ɡ°ó°n°ɟ;;;ɥîz;;ɡø̂h;;;;ɡwɩ̂h;;;;
551;lèpre;;zàm;;;ncàm;nzǎm;;;;nsǎm;;;;
552;lézard 1;°s°ó°K°V̀;;;;;sóʔò;;ʃóɡɔ́;;swôʔ;;;;
553;lézard 2;°s°Ó°l°V̀;ʃwáàlə̀;;swâ;ʃwə̀l;;ʃwàlə́;;;;;;;
554;liane;°l°ɔ́°ŋ;lúòŋ;;lóŋ;;lóó;;lɔ̄ɔ̄ŋ;lwɔŋ;;;;;
555;liane sp;°s°í°l;;sɛ́lɔ́;ʃjál;;;sál;;;sjɛ́l;;;;
556;lime;°ɟ°Ò;yù;;;;jʊ̀ʊ̀;;jɔ̀;;jʊ̀;;;;
557;limite, frontière;;ɡì;;ɟ̥èbàl;nɟî;ɟɩ̀;ɟí;;;ɟɩ̀;;;;
558;lit;°ɟ°ɔ̀°ŋ°V́;ɡwɔ̌ŋ;dyɔ̰̀ɔ̰́;ɡòŋ;ɟwòŋ;ɟòó;ɡwòŋə́;ɡwɔ̀ɔ̄ŋ;ɟɥɔŋ;ɟòó;;;;
559;loin;°ɟ°à°V̀;ɟùò;;ɟàò;ɟà;ɟàà;;;;ɟàà;;;;
560;lourd;°d°í°l°ɔ̀;dzìlə̀;jìlɔ;dîl;;dìlè;ɟìlə̀;dìláà;;dìlò;dzílə̀;;;
561;loutre;°b°ɔ̀°ŋ;;bâ̰;bòŋ;;bɔ̀ɔ̀;bàŋ;;;bɔ̀ɔ̀;;;°b°à°n°ɡ°ù;
562;lune;;ŋɡwàndə̀;ngɔ̀ndɛ̀;ɡɔ̀n;nkùnd;nɡɔ̀n;nkwònd;nkɔ̀ndì;nɡwɛn;;kwɛ̀ndì;;;
563;mâcher;°ɲ°á°m°b°à;ɲámbə́lə̀;kámbɔ;ɲâb;;ɲâm;;ɲāmbɔ̄;;;;;;
564;machette 1;°k°u°á°T°á;;kwálá;kɥɛ́tɛ́;;;;nkwālā;kɥala;;kjə́rə́;;;
565;machette 2;°p°à;pà;;pà;fà;pà;fà;;;pà;;;;
566;mâchoire;°b°ɔ́°n°ɡ°V;;;bɔ́ɡ;bə́nɡô;bɔ́ŋ;;;;;;;;
567;maigre;°k°à°s;káà;kásɔ;kàs;kâz;kɛ̂h;káás;;;;;;;
568;main, bras;°b°ɔ́;bwɔ́ɔ̀;bɔ̂;mbɔ̂;bwó;bô;bwô;bɔ̂;bwɔ;bô;búɔ̀;;;
569;maïs;;;;b̥ìsà;;pìhà;;pùzà;pur;;;;;
570;maison;°ɟ°á°b;ɡwɔ̄;ndáwɔ̀;ɟáw;nɟáb;;ɟáw;ɟɔ̄ɔ̄;ndʰoo;;ɟə́;*d*á*b*ò;;
571;malade;°b°ɛ́°l°Ì;;;bêl;;bêl;bə̂l;bɛ̀lī;;bêl;;;;
572;maladie;°k°w°á°V;;;kpàj;;kpàà;;;;kwàà;;;;
573;mâle;°ɟ°ó°m;ɡúm;;ɡómtà;nɟúm;ɟʊ́m;nɡûm;;;;;;;
574;mamba vert;°l°ɔ́°ŋ;lɔ̂ŋ;lá̰;lɔ́ɔ̀;lwâŋ;;lwô;lɔ̂ŋ;;;;;;
575;manche 1;°s°ó;;;swáw;ʃwá;sʊ́á;ʃúwá;;;;;;;
576;manche 2;°k°V̀°n°d°V̀;;;;;;kànd;kèndɔ̀;kindɛ;;;;;
577;mandrill;°s°ɛ̀°K°á;káʔ;sɛ́Kɛ̀;ʃjàá;;sjɛ̌ʔ;;;;sjɛ̀ʔɛ́;sáʔá;;°c°ɛ̀°k°ɛ́;
578;manger;°d°è;dè;dè;dɛ̀;dò;dè;də̀;ɗè;di;dè;dì;;;
579;mangouste;;;;b̥ɔ̌k;;mpɔ̌ʔ;;;;mpɔ̀ʔɔ́;;;;
580;mangue;°ɲ°ɔ́°K°à;ɲwáʔ;;ɲâ;nwâɡ;ɲwâʔ;ɲwáɡ;ɲɔ̄ɡɔ̀;;ɲwɔ̂ʔ;;;;
581;manioc 1;°k°ú°m°à;;;kúmà;kúmà;kúmà;;;;kúmà;;;;
582;manioc 2;°ɡ°ó°n°d°V̀;;;ɡwêd;nɡwàndò;;;;wandɛ;;;;;
583;marché (emprunt);;mákíɾì;màkítì;;;mákîr;;;makis;mákîr;;;;
584;marcher 1;°ɟ°à°n°d°À;ɟàndè;kɛ̀ndɛ̀;ɟàd;ɟând;ɟàn;ɟàànd;ɟàndɔ̀;;;;;;
585;marcher 2;°k°V́°n°ɡ°à;;;;kwîɡ;kœ̂ʔ;;kɛ̀;kɛ;kœ̂ʔ;kúɡjà;;;
586;mare;°b°ɔ́°n°ɟ°V̀;;;bóz;;béh;;ɓɔ̄nɟī;;bœ́hœ́;;*j*á*n*j*à;;
587;marécage;;zàmbə̀;nzàmbɔ̀;zàb;ncàmb;nzàm;zàmb;;nzambɔ;nsàm;;;;
588;mari;°ɟ°ó°m°Ì;ɡúm;;ɡòm;ɟûm;ɟʊ̂m;nɡûm;ɡwōmì;ɟum;nɟʊ̂m;;;;
589;mariage;°b°â;báà;bánâ;b̥a;bâ;bâ;bâ;ɓâ;ba;bâ;;*b*á*d*à;;
590;marmite;;;;b̥ě;mpê;mpɩ̌;mpèé;mpě;mbǐ;mpɩ̌;pí;;;
591;marmite sp;°b°ɔ̀°l;;;bwà;;mpò;mpwò;mpɔ̀;pal;;;;;
592;marteau;;;;;ncùùɟ;;ʒùùnz;;nzundi;;;;;
593;matin;°m°á°n°Ì;mánā;mɛ́nɔ́;;mán;mɛ́n;mán;;mana;mjɛ́n;níjɛ̀;;;
594;mauvais;°b°é°b°à;;;bjôw;bâb;bébè;bôw;ɓēáā;biɔ;bjêb;bíwə̀;*b*ɩ̀*ɩ*b;;
595;mauvais, laid;°b°é°À;búù;bíwɔ̀;bê;;bɩ̂;bɛ̀;bê;biɔ;bɩ̂;bì;;;
596;méchant;°ɲ°à°n;;;ɲàn;;ɲàn;ɲàn;;;ɲàn;;;;
597;médicament;°m°Ì°T°ú;mìɾí;;mét;mìd;mǐr;mììdú;;;mwɩ̌r;;;;
598;mélanger;°p°ú°n°ɟ°à°l°à;;;pûzà;;pûhlà;fə̀là;;;púhlâ;;*b*ú*n*ɡ;;
599;mensonge;°ɟ°á°ŋ;;;;ɟáŋ;;ɟó;ɟāàŋ;;;;;;
600;menton 1;°d°ɛ́°s;;;ɛ̂s;ɔ̂z;ɛ̂h;;āɛ̀;;ɛ̂h;;;;
601;menton 2;;;;;;;ɟáʃwôl;;ɟansɛl;;ʒɛ́lì;;;
602;mépriser;°b°V̂°s;;;;bjèz;pjêh;;;;bwêh;;;;
603;mer;°â°ŋ;âŋ;â̰;;âŋ;âŋ;âŋ;āāŋ;aŋ;âŋ;;;;
604;mère;°ɲ°à°n°ɡ°Ó;ɲàŋɡó;nyâ̰;ɲɛ̌ɡ;ɲɔ̀ɔ̀nɡó;ɲɔ̌ɔ̀;ɲònɡû;ɲànɡɔ̄;niuŋ;ɲɔ̌ŋ;ɲô;*n*y*à*n*ɡ*ó;;
605;mesurer;°ɟ°ò°K°Ì;yèɡè;;ɡɥek;jììɡ;ɟø̀ʔ;jììɡà;;jiəˤ;ɟwɩ̀ʔ;;;;
606;mettre, poser;°ɡ°w°â;;;wâ;wá;ɡbâ;wâ;wâ;;ɡwâ;;;;
607;miel 1;°ɡ°w°O°K°V;;;ɡò;;ɡbɔ́ʔ;;;;ɡwɔ́ʔɔ́;;;;
608;miel 2;°k°ɔ̀°n°V̀;;kwànò;;kwàn;kwàn;;;kwana;kwɔ̀n;kwànə̀;;;
609;militaire;;zə̀mbè;zìmbà;zùmà;ncìmbè;nzìmà;;;;nsìmà;;;;
610;mille-pattes;;ŋɡwéèʔ;ngwɛ̰̌;g̥ǒj;nkwèɲə̀;;nkwɛ̀ɲî;nkɔ̀ɛ̄;;nkœ̀œ́;;;;
611;mois;;ŋɡwàndə̀;ngɔ̀ndɛ̀;nɡɔ̀n;nkùùnd;nɡɔ̀n;;nkɔ̀ndì;nɡwɛn;nɡɔ̀n;kwɛ́ndì;;;
612;mollet;°p°ó°m°b°Ì;púmbū;púmbú;pwób;fúm;pʊ́m;fúúmbú;pōmbī;pumbi;;;;;
613;montagne, colline;°k°é°n°ɡ°Ò;;nkùlɛ́;cék;kóɡ;cø̂ʔ;;cēɡì;;kɩ̂ʔ;;;;
614;monter 1;°b°é°n°d°à;bə́ɾə̀;bédɔ;;bâr;bérè;;ɓèndɔ̀;birɛ;bjêr;;;;
615;monter 2;°k°à°à°l°à;kàà;;;kàbà;kàlwò;;kàlɔ̀ɔ̀;;kàblò;;;;
616;montrer;°l°í°à°l°à;lə́ʔə̀lə̀;líbɛlɛ;ljál;lwô;tɩ́è;lwô;;;ljéʔlô;ljálà;;;
617;morceau 1;°p°Ê°s;;píndyɔ́;pês;;pêh;;;;pêh;;;;
618;morceau 2;°k°í°l°Ì;;;;cîl;cîl;kîl;cīlì;;;;;;
619;mordre 1;°l°ô;;lúwɔ;lóò;lû;lʊ̂;;lô;lu;lʊ̂;;;;
620;mordre 2;°k°ò°K°à°l°à;kúʔə̀là;kwɛ̂lɛ;kwàl;kwɔ̀ɡə̀lə̀;kòʔlò;;kòɡɔ̀lɔ̀;kwəlˤɛ;kwòʔlò;kwə̀ʔlá;;;
621;mort (la);°s°ò°j°È;ʃwìì;swî;ʃjèè;ʃwì;swìè;ʃwìj;ʃòè;sɥi;swɩ̀ɩ̀;ʃɥɪ̂;;;
622;mort (un);°ɟ°ɛ̀;yélə̀;yúlɛ̀;ɡɥɛ̀;;ɟwè;;;;ɟwè;;;;
623;mortier;°b°ò°K°V̀;bwɔ̀ʔ;búɔ̀;bwà;bwɔ̀ɡ;bòʔò;bwàɡ;;bwəˤ;bwòʔ;;;;
624;motte;°b°ú°K;;;bék;búɡ;;;;bvuəˤ;bûʔ;;;;
625;mouche;;dzûŋ;ndzḭ̀;ɟ̥òŋ;ncùŋ;ncwìì;ncìncúŋ;ncììŋ;ndziuŋ;ncìì;tsù;;;
626;mouche sp;°s°ú°n°Á;ʃúnə̀;;sún;;;ʃúnə́;sūnɔ̄;;swínô;;;;
627;mouillé 1;°b°ò°n°d;bùɾáʔà;;bòn;;bòr;;;;bœ̀r;;;;
628;mouillé 2;°b°ɔ̀°s;;;;bwâz;;bwààs;ɓɔ̀ɛ̀;;;bwɔ̀bwɔ́;;;
629;mourir;°ɟ°U°V;yì;;ɡɥɛ̀;jò;ɟwè;jə̀;wì;ju;ɟwè;ɥì;;;
630;moustache;°s°ò°K°Í;;;sók;;;ʃwìɡí;ʃòɡī;;sʊ́ʔʊ́;;;;
631;moustique;°k°ù°ŋ;;;kùù;;kùù;;kùkūŋ;;kùù;;*ɡ*ù*n*ɡ*ù;;
632;mouton;;túmbə̀;;d̥ɛ̀bɛ̀;ntwèmbè;ntèmè;;;;ntèmè;;;;
633;mur;°p°à°m°b°Í;pə̀pə̀mbè;pìmáá;pǎp;fə̀fɛ̀m;pǎb;;;pfimba;pǎb;pímbì;;;
634;mûrir;°t°ê;té;;tê;té;tɩ̂;tî;tê;;tɩ̂;;;;
635;murmures;°ɲ°Í°m°b°à°l°à;;;;;ɲìmlà;ɲímbə̀là;;;ɲɩ́ɩ́lâ;;;;
636;nager;°ɟ°ɔ́°K°à;ɡwāʔ;dyúà;ɡwâ;jwâɡ;ɟwâʔ;ɡwááɡ;ɡwɔ̄ɡɔ̀;ɟuaˤ;ɟwɔ̂ʔ;ɡwá;;;
637;naître;°b°í°à°l;byálì;bwàlɛ;bjêl;bjêl;bjɛ̂l;bjêl;;bial;;;;;
638;natte;°k°à°l°à;kàlì;kàlà;;kàlà;kàlà;kə̀là;kà;kàlà;;;;;
639;neuf;°b°ù°l°V́;vùwò;bvùá;;bù;bǔ;bùú;;bvua;bǔl;bvə̀lí;*b*ù*d*á;;
640;nez;°d°ó°K°V̀;dū;úú;ô;û;ʊ̂;ɟû;ô;dwəˤ;ʊ̂;dúɡú;;;
641;nid;°d°à°K°V̀;dáʔ;ákɛ̀;ɛ̀k;ɔ̀ɡ;ɔ̀ʔ;;àɡɔ̀;dwəˤ;ɔ̀ʔ;;;;
642;noeud;°b°ò°ŋ;bùŋə̄;;;;bʊ̀;bwòó;;bwaŋ;bʊ̀á;;;;
643;noir;°ɟ°í°n°d°V̀;zə́ndə̀;;;;ɟwínè;jíndə̀;wìndāā;;ɟwínɩ́ɩ́;;;;
644;noix de kola;°b°è°l°Ú;bè;bèlé;bèl;bòl;bɩ́l;bə̀lú;;bil;;bìlì;*b*ɩ̀*d*ú;;
645;noix de palme 1;°b°à°n°ɡ°á;;bàngá;;mbǎŋɟî;bàá;;bāāŋ;banɡa;;;;;
646;noix de palme 2;°b°î;mbvì;;;mpí;;mpî;;;;;*b*í*d*à;;
647;nom;°í°n°à;;ínɔ̀;în;ínò;íè;ínə̀;īnɔ̀;ina;óò;dzínə̀;;;
648;nombril 1;°d°ɔ̂°ŋ;;;óò;;óò;;ɔ̄ɔ̀ŋ;;;;;;
649;nombril 2;°t°ɔ́°l°Ì;twólə̀;tɔ́lɛ̀;;twôl;;cwôl;;twɛl;;twólì;;;
650;nouer;°b°Ò°ŋ;;;bwò;;bʊ̀ò;;;bwaŋ;;;;;
651;nourriture 1;;;;ɲɛ̀b;;;áámb;;;ɲâmlà;;;;
652;nourriture 2;°d°è°b;dúù;déwɔ̀;;dòb;dè;də̂w;ɗēɔ̀;diu;dè;;;;
653;nouveau;°ɟ°ɔ́°n°V̀;;;;;ɟwân;ɡúɡwân;;wana;ɟwɔ̂n;wánìwánì;;;
655;nouvelle 1;;;;b̥áɡlà;;mpáŋlà;;;;mpáŋlô;;;;
654;nouvelle 2;°l°ɔ̂°ŋ;;pɔ́;;lóóŋ;lɔ́ɔ̀;;;;lɔ́ɔ̀;;;;
656;nuage;°k°ú°T°V̀;kfə́ɾə̀;nkfúdɛ́;ɡùd;nkúd;kûr;kúdú;;;nkûr;;*k*ú*t*ɩ̀;;
657;nuit 1;°p°ù°m;;;pùm;fùm;pùm;;;;pùm;;;;
658;nuit 2;°b°ù°l°V;bvə̀lə́;bvùlɛ́;;;;bùlû;bùlɔ̄;bvul;;ɡvìlíjɛ̀;;;
659;nuque;°d°ɔ́°l°V̀;;;;dwál;wâl;ɟwáál;ɔ̄lɔ̄;;dwɔ̂l;;;;
660;obscurité;°ɟ°í°T°ú°ɡ;;vídú;ɡútúk;jìdɛ́;ɟúrúú;jídúɡú;;zirəˤ;ɟúrʊ́ʊ́;zìrə́;;;
661;odeur;°n°ù°m°b°á;;;nùb;;nùmó;;;;nùmó;;;;
662;oeil;°í°s;íì;ísì;îs;îz;îh;ús;īì;ii;îh;ɪ̂;;;
663;oeuf;°k°é;ké;kí;cé;ké;cɩ́;ké;;ki;kɩ́;kí;;;
664;oignon (emprunt français);;áɲwàn;ányɔ̀nè;zòɲò;ǎɲɔ̀z;áɲɔ̀n;áɲòs;;;aɲɔn;ɲàdò;;;
665;oiseau;°n°Ò°n°Í;nwònə́;nɔ̀ɔ̀nɛ́;nǐn;nùn;nʊ̌n;nùnú;nɔ̀nī;nuɛn;nʊ̌n;nwə̀ní;;;
666;oiseau sp;°ɟ°à°n°ɟ;;nkâŋɡà;nájàz;;ɟàh;ɟàànz;;;;;;;
667;ombre;°p°j°ô;pyə́ə̀lə̀;;pjôw;;pjóò;;;;pjóò;;;;
668;oncle;°k°ò°K°Í;;kó;kók;kúúɡ;kʊ́ʔ;;kōɡī;kwəˤ;;;;;
669;ongle;°ɲ°â;ɲà;nyâ;ɲâ;ɲâ;ɲâ;ɲâ;ɲâ;ɲa;;ɲá;*n*y*á*d*á;;
670;or (emprunt);°ɡ°o°l°O;ɡúlùr̥;gɔ́lɛ̀;mɔ̂nɡòlɔ̀;ɡólòd;ɡʊ̂l;;;ɡol;ɡôl;;;;
671;oranɡe;°p°ù°m°V́;fə̀mbè;fùmbí;;fùmbí;fìmɩ́;;;puma;;;;;
672;oreille;°l°Ó°Ò;lwò;lɔ̂;lɔ̂;lwɔ̂;;lwə̂;lɔ̂;lwɔ;;lúò;*t*ʊ́*ì;;
673;oreiller;°b°ɔ́°ŋ°l°a;búŋɡà;;bóɡlà;;bwóóló;;ɓɔ̄ɔ̄ŋlɔ̄;;bwóóló;;;;
674;orphelin;°ɲ°ù°l°Í;ɲòló;nyúlɛ́;ɔ́ɔ̀ɲìl;;nǔl;;ɲùlī;;ɲǔl;;;;
675;orteil;°ɟ°ì°n°à;bvyìnə́;;ɟìn;jìn;;;;zina;;;;;
676;oryctérope;°j°í°m°b°à;;;bjàb;jímɔ̀;;;;;bwàm;;;;
677;os;;zìyɛ̄ɛ̄;;ɡɥěs;jɛ̀z;ɟwèhé;jàsə́;wìɔ̄;ziɛ;ɟwèhé;jə̀;*p*ɩ̀*c*ɩ́;;
678;où ?;°ɟ°V;ówô;;;jé;wó;wàw;wjē;jɛ;;;*í;;
679;oublier 1;°ɟ°Ì°s°à;zèyà;;g̥jìsà;;ɟɩ̀hà;;ɟìà;;ɟìhà;;;;
680;oublier 2;°ɡ°ù°s°à;;wùsa;;wàzà;;wùsà;;wusa;;wùɟà;;;
681;oui;°È°È;èèéé;èhè;ɛ̀ɛ̀;ə̀ə́;èèè;hâw;;;èèè;;;;
682;ouvrir 1;°d°ì°b°Ù;dvì;jì;dùù;dìb;dìb;ɟùw;dìbì;dzii;dìb;;;;
683;ouvrir 2;°b°ú°m°ì;;;;;bîm;;būmì;;bwîm;;;;
684;pagaie;;ŋɡábə̀;nkábɛ́;g̥ɛ́p;nkɔ̀ɔ̀b;nkɔ́b;nkóófú;;nɡáb;nkɔ́b;;;;
685;pagne;°s°à°n°d°à;sándè;sàndyà;sàdà;;sànà;;;sanda;;;*c*a*n*d*a;;
686;paille;°s°ó;;;;;sʊ́;ʃúú;;;sʊ́;;;;
687;palmier à huile;°l°ɛ́°n°d°Í;;lɛ́ndɛ́;;;lén;lə́ndú;;lɛndi;lén;;*t*é*n*d*é;;
688;pangolin;;zə̀làʔ;ndzààlɛ́;zɛ̀l;ncɔ̀ɔ̀l;nzjɛ̌l;zòòlú;;nzal;nsɛ̌l;;;;
689;pangolin géant;;zə́mà;vímù;ɡɥîm;;ɟwímè;;;;ɟwímô;;*p*í*m*á;°p°í°m°b°á;
690;panier sp 1;°k°ɔ́°m;;;kɔ́m;;kwám;;;;kwɔ́m;;;;
691;panier sp 2;°k°ú°T°Á;kfùɾə̀;kwɛ̂;kúú;kúrə́;kúró;;kūrɔ̄;;kúró;;;;
692;panier sp 3;;;;b̥jâj;;mpjáà;;;;mpwáà;;;;
693;panier sp 4;°b°ó°l;;;bwàl;;bá;báàl;;;;;;;
694;panthère;;ɡwéèy;;g̥òj;nkwèɲ;nkœ̀œ̀;nkwèɲ;nkɔ̀ɛ̀;;nkœ̀œ̀;ʃjə́;;;
695;papaye (emprunt?);°p°Ò°p°Ó;pòpwō;pɔ̀pɔ́;;pùpwɔ́;pòpó;fwòfwó;;pɔpɔ;;pàpàj;;;
696;paquet 1;°d°ó°m°b°á;úmbə̀;dúmbɔ́;wób;;ómó;wámbə́;ōmbɔ̄;;;;;;
697;paquet 2;°b°ɔ̀°m°b°V̀;;;;mbùmb;bòm;;bɔ̀mbì;bʰwambɔ;bòm;;*b*ò*m*b*ò;;
698;parasolier;°s°í°à;;;ʃjéè;;sɩ́à;ʃjɛ̂;;;síà;;;;
699;parce que;°b°É;;;;nə̀bə́;bě;;;;bě;;;;
700;parent;°b°í°à°l°V̀;byáàɾò;bwàlɛ̀;;;bjɛ̂l;bjôl;ɓjālì;bial;bwɛ̂l;;;;
701;parenté;°b°i°á°l°á;byálò;bàwlɛ̀;bjélá;mbjêl;bjɛ́lá;bjɛ̂l;;bial;;;;;
702;paresseux;;;;;ntwì;ntwìì;;ntùì;;ntwìì;;;;
703;parler 1;°l°à°b;làbè;láà;;làb;làb;;;lab;;lò;;;
704;parler 2;°l°ì°b;lwíì;;lìì;;lwìb;;;;lwìb;;;;
705;partager;°k°à°b;kùà;kàbɔ;kàw;kàb;kàb;kààw;kàà;;kàb;kàbálà;;;
706;partie du bras;;;ndzámbɔ̀;zâb;;nzâm;;;nzambɔ;;;;;
707;partir;°k°â°n°ɡ;kə̀;kɛ̀;;;nkɛ́ɛ̀;;kwâŋ;;;kâʔ;;;
708;patate douce;°b°ù°T°à;;;;bùrà;bùrà;bùdɛ̀;;;;;;;
709;paume;°k°ɔ́°n°ɟ°Ì;kwɛ́ŋɟè;kɔ́ndyì;kôz;kúnɟ;kœ̂h;;;kwɛndi;kœ̂h;;;;
710;payer;°ɟ°ɛ́°n°à;ɡínà;púɔ̰̀;;ɟánà;ɟɛ́nà;ɟə́nà;ɟɛ́ná;ɟana;ɟánâ;;;;
711;peau 1;°k°ò°n°d°Á;;;kwǒd;;kònó;;kòndɔ̄;kundɛ;kwǒn;kùndə́;;;
712;peau 2;°k°ó°T°Ì;kúù;kúdɛ́;kót;kúúr;kʊ́r;;kōrī;kur;kʊ́r;;;;
713;peigne;°ɡ°w°à°P°à;;;;wèb;ɡbɛ̀bà;;wàbà;;;;;;
714;peigner;°ɡ°w°à°P°ì;;;;wèb;ɡbɛ̀b;;wàbì;;;;;;
715;peine;°t°ú°ŋ;;;túŋ;;túú;cúŋ;tūūŋ;;túú;;;;
716;penser;°s°í°m°s°à;;;ʃímsà;símə̀zə̀;símsà;;;;sísìmsà;símàɡà;;;
717;percer 1;°t°ú°b°à;tfwóò;tfùbo;túù;túbɔ̀lə̀;túbò;cúwàl;;;túbô;tsúà;;;
718;percer 2;°l°ú°m°à;;;;;lúmò;;lūmɔ̀;;lúmô;;*t*ú*m;;
719;perdre;°d°í°m°b°à°l°à;dzə́mbə̀;jímbɛlɛ;;dímbə̀lɔ̀;dîm;ɟímbàl;dímbɔ́lɔ̀;dzimlɛ;dímlô;;*d*í*m*b;;
720;perdrix 1;°k°w°à°l°V̀;;kwàlɛ̀;;cɔ̀ɔ̀l;;còòlú;kwàlī;cɥal;;;;;
721;perdrix 2;°k°w°à°K°á;;;g̥bǎ;;kpǎʔ;;;;kwàʔá;;;;
722;père;°s°á°n°ɡ°V̀;sáŋɡò;sá̰;sɛ́ɡ;sɔ́nɡə̀;sɔ́ŋ;sónɡû;sānɡɔ̀;sɔŋ;sɔ́ŋ;ʃô;*c*á*n*ɡ*ʊ́;;
723;perroquet;°k°ò°s°È;kùù;kùsì;g̥óswà;kùùz;kø̀h;;kòè;kwii;kwɩ̂h;;;;
724;personne;;òɾò;ùdì;ôt;ùd;ʊ̀r;;òrì;ur;ʊ̀r;ùrù;;;
725;personne renommée;°ɟ°ó°K;;;ɡɥék;ɟwíìɡ;ɟø̂ʔ;;;;ɟwɩ́ʔrâ;;;;
726;petit 1;°t°ɔ́°K°à;twáʔ;tsílì;twâl;;twáʔwó;;tɔ̀ɡāā;twaɡu;;tútwáʔ;;;
727;petit 2;°Ô;wáà;;ɔ́ɔ̀tá;wá;â;;;wa;â;;;;
728;petit-fils, petite-fille;;dà;ntà;móód̥à;ntà;ntà;ntà;;ndʰa;;tà;*d*à*d*à;;
729;peu (un peu);°b°à;;;bààndà;bà;bá;;;;bà;;;;
730;peur;°b°Ó;;;bwɔ́ɔ́;;bʊ́á;;;;bʊ́á;;;;
731;picorer;°t°ò°T;twámbə̀lə̀;twálɔ;;;tòr;;tōè;;tœ̀r;;;;
732;pied;°k°ǒ;kū;kû;kǒ;kù;kʊ̌;;kǒ;ku;kʊ̌;kù;;;
733;piège;°l°á°m°b°à;lámbà;lámbɔ̀;lâb;lâmb;lâm;lààmb;lāmbɔ̀;lambɔ;;;;;
734;pierre;°k°ɔ̀°K°Ì;kwɔ́ʔə̀;kɔ́;kók;;kóʔ;;kɔ̄ɡì;kwəˤ;kóʔó;kwúʔ;;;
735;piétiner 1;°ɲ°à°l°à;ɲàlə̀;;ɲàl;;ɲàl;ɲàl;ɲàlɔ̀;;;;;;
736;piétiner 2;°t°í°P°à;;tsíbɔ;;tíbɔ̀;tíbè;;;;tíbô;;;;
737;pigeon;°p°è°P°à;;;;fàb;;;pèbɔ̀;piba;pàbàà;;;;
738;piler;°d°ù°m°à;;;dùm;dùmɔ̀;dùmò;;;;;;;;
739;pilon;;;;d̥ùmùt;;;ɟùmjà;tùmìlì;pfumbi;túm;;;;
740;pintade;°k°â°ŋ;kâŋ;kâ̰;káà;kâŋ;;;kâŋ;;;kàʔ;;;
741;pipe;°t°ɔ̌°ŋ;;;tǒŋ;;tòó;;tɔ̀ɔ̄ŋ;;;;;;
742;pipe sp;°b°ù°K°V̀;bvùɡù;;bùkɔ̀;bùɡ;àbùʔ;bùɡ;ɓòɡì;;;;;;
743;pirogue;;byálè;álɛ̀;ɛ̂l;ɔ̂l;ɛ̂l;ôl;;al;wɛ̂l;bjálì;;;
744;piste d'animaux;°p°á°K°V̀;;;pɔ̂k;;pɔ̂ʔ;;pāɡì;;;;;;
745;pitié;;ɡwɔ̌ŋ;ngɔ̀ngɔ̀lɛ̀;g̥ǒŋ;nkwɔ̀ŋ;nkòó;;nkɔ̀ɔ̄ŋ;nɡwɔŋ;nkòó;;;;
746;plaie, blessure;°p°é°ŋ;píɔ̀ŋ;pḛ́;pjóŋ;fɔ́ŋ;pɩ́ɩ́;fúŋ;pēēŋ;piuŋ;pɩ́ɩ́;pjó;;;
747;planche;°b°á°m°Ó;bámbə̂;;;bɔ́m;bɔ́m;bómbú;ɓāmī;;bám;;;;
748;plantation;°p°è°m°b°à;;;pjèb;fàmb;pèmé;fàmbə́;pèmbɔ̄;;pjěm;;;;
749;plante du pied;°b°ɔ̀;bwɔ̀;bɔ́;bɔ̀;bwà;bò;bwò;;bwɔ;bò;;;;
750;planter;°z°ù°m°à;;bɛ̀;;;sùmò;;sùmɔ̀;;;zímà;;;
751;plat;;;;g̥à;;nkà;;;;nkà;;;;
753;plein (être);°l°ó°n°d°V́;;;lúdlá;lwéndə́lá;lónò;;tōndì;lundɛ;lwôn;;*t*ʊ́*n*d;;
754;pleur;°ɟ°ɛ̀;;wê;ɡɥɛ̂;;ɟwê;jə̂;ɟà;ju;ɟwê;;;;
755;pleurer;°ɟ°Ì°Ì;ɡì;gìyɔ;ɟìì;ɟìì;ɟɩ̀;ɟìì;ɟì;ɡi;ɟɩ̀;ɡì;;;
756;pleuvoir;°n°ɔ́°ŋ°Ì;nwɔ́;;nɔ̀;;nǿø̀;ɲwô;nɔ̂ŋ;;nwɩ́ɩ̀;;;;
757;pluie;;mbvə̄;mbvúɔ̀;b̥í;mpú;mpíé;mpú;mpīɔ̄;mvuɔ;mpwíó;pwə́;;;
758;plume;°s°ǎ°n°ɡ;;sâ;sà;sà;sǎ;ʃàá;sàŋ;sa;sǎ;ʃǎʔ;;;
759;poignarder;°l°ú°m°à;;;lûm;lúmɔ̀;;;;pfuma;;;*t*ú*m;;
760;poil;°m°ì°ɛ́;;;mjɛ̌;mjɛ̀;mjě;;;miɛ;;mjɛ́;;;
761;poing;°k°ú°T°à;;kfúzá;kútà;kúdà;kúrà;;kúrá;;;;;;
762;poison;°ɟ°ò°K°V̀;ɡwàʔ;;d̥ô;ɟwòɡ;ɟwòʔò;ɡwòɡ;dò;;ɟɔ̀ʔ;;;;
763;poisson;°s°û;ʃúù;fû;sû;ʃû;sû;ʃû;;fu;sû;fə̂;;;
764;poisson sp;;mbàʔ;;b̥à;;mpàʔ;mpàɡ;;;;;;;
765;poitrine;°b°è°T°V;;;bêt;bèd;bɩ̀r;bə̀d;;pfurəˤ;bɩ̀r;;;;
766;polygamie;°ɡ°w°á°l;;válɔ́;wál;wál;ɡbál;wál;;;;;;;
767;pondre;°b°í°K;byâ;bwá;bjâ;;;bwííɡ;;bia;;;;;
768;porc-épic;;ŋɡùmbə́;nkùmbɔ́;g̥wǒb;nkwɔ̀mb;nkòmó;nkwàmbə́;nkòmbɔ̄;nɡumbɔ;nkwǒm;;*ɡ*ʊ̀*m*b*á;°ɡ°ò°m°b°á;
769;porte;°b°ɛ̂;bə̀;bɛ̂;bɛ̂;bə̀;bê;bɛ̂;bɛ̂;bɛ;bê;bə̂;*b*é*d*ò;;
770;porter 1;°b°ɛ̀°p;;bàwɛ;bɛ̀p;;bɛ̀b;;;bab;;;;;
771;porter 2;°k°ɛ̂°n°ɡ;;;;nkênɡ;nkɛ́ɛ̀;nkɛ̂ɲ;nkāɛ̄;;nkɛ́ɛ̀;;;;
772;potamogale;°s°ù°p°È°p;;;sûpjèp;;sùpêb;;;;sùpœ̂b;;;;
773;potier;°m°è°l;;;;;mèl;mòòl;;;mèl;;;;
774;pou;°n°ì°n°V́;;;nǐn;;nìné;ɲìnə́;;ina;;ɪ̀nə́;;;
775;poubelle, ordures;°k°ù°n°d°V̀;kfə̀ndə̀ʔ;kfùndɛ̀;kɥìd;kùn;kùnù;;;kue;kùnʊ̀ʊ̀;;;;
776;poudre;°p°ù;;pfùyá;pù;;pǔ;fùú;pǔ;;pǔ;;;;
777;poule;°k°ú°b°Ò;kfə́ə̀;kfúbɔ̀;kúù;kúbɔ̀;kúò;;kūbɔ̀;pfuɔ;kúbò;kfúò;*k*ú*b*à;;
778;pourri;°b°ɔ̀°l°Ì;bwòlə̄;mbɔ̀yá;bòl;bùl;bòl;bwòl;ɓɔ̀lì;bwɛl;bòl;;;;
779;pourrir;°b°ɔ̀;bwɔ̀;bɔ̀;bɔ̀;;bò;;;bwɔ;bò;bwɔ̀;;;
780;pousser;°t°í°n°d°à;tsə́ndə̀;tsíndɔ;;tìndə̀lɔ̀;tínè;cíndàl;tīndɔ̀;tsindɛ;tíínô;;;;
781;poussière;°p°ù°m°b°Í;;;pǐb;;pǐm;fùmbjâ;pùmbī;;pwǐm;;*p*ù*m*b*ú;;
782;prendre;°n°ɔ̀°ŋ°à;nà;nɔ̀ɔ̀;nɔ̀ɔ̀;ɲwàŋ;nʊ̀à;;nɔ̀ŋ;nuŋ;nʊ̀ɔ̀;nṵ̀ŋá;*n*ò*n*ɡ*ʊ*d;;
783;préparer;°k°ò°m°V̀°s°à;;kùmasa;;kwàmə̀zà;kʊ̀msà;;;;kwòmsà;;;;
784;près;°k°ú°n°á;kfúnə̀;;kúnâw;kúno;kúnókúnò;;;;;kfə̀nàkfə̀nà;;;
785;presser;°ɲ°á°m°à;;myámɔ;ɲâm;;;ɲàm;ɲāmɔ̀;;;;;;
786;prêter;°k°ò°l°à;kùlè;kùlɛsɛ;kwòlá;kwèl;kʊ̀l;;;;kwɩ̀l;;;;
787;prier;°ɟ°à°K°à°l°à;ɡìʔèlà;gyɛ̀Kɛlɛ;;;ɟɩ̀ʔlà;ɟàɡə̀là;ɟàɡàlà;ɟaˤlɛ;ɟwɛ̀ʔlà;;;;
788;prison;°b°ò°K°Ì;bwɔ̀ʔ;;bòk;mbùɡ;mbʊ̀ʔ;bùùɡ;mbòɡì;;mbʊ̀ʔ;;;;
789;prix;°t°á°ŋ;táŋ;tâ̰;;tɔ̂ŋ;tâŋ;;;taŋ;tâŋ;;*t*á*n*ɡ*ʊ;;
790;profond;°d°í°m°à;;jímɔ;dîm;;dîm;ɟímə̀;dīmɔ̀;dzima;dímô;dzímə̀;;;
791;profondeur;°t°ɔ̀°K°Í;ìdwɔ́ʔə́;;;;tǒʔ;;tɔ̀ɡī;;tòʔó;;;;
792;promesse;°k°à°K°V̀;ŋɡàɡè;kágɛ́;;nkɛ̀ɡ;nkɛ̌ʔ;nkààɡə́;;kaɡu;nkɛ̀ʔɛ́;;;;
793;promettre;°k°à°K°V;kàɡè;kàgɔ;;kɛ̀ɡ;kɛ̀ʔ;kààɡ;;kaɡu;kɛ̀ʔ;;;;
794;propre;°p°ú°P°á°n;fə́bàn;pfúbánɛ́;;fúbán;fúbán;;;;fúbán;;;;
795;propriétaire;°k°ú°m;;;kúmɛ́sà;;kúm;;;;kúm;;;;
796;proverbe, conte;°k°à°n°à;kànə̄;kàndá;kànà;kààn;kǎn;kàànə́;;nkana;;;;;
797;puce;°ɲ°a;;;;ɲâ;ɲà;;;ɲa;;;;;
798;puiser (de l'eau);°d°à°ŋ;dàŋ;dà̰;dàà;;dàà;dò;ɗàŋ;daŋ;dàà;;;;
799;puits;°s°ɔ́°n°ɡ°á;;;sɔ́ɡɔ́;;swáŋá;;;;sɔ́ŋá;;;;
800;punition;°t°é°K°á°l°Í;;;;ntélé;déʔlé;ntíɡə́lí;;;ntɩ́ɡá;;;;
801;pus;;;mavínó;ɡɥín;ɟìnɔ́;;;wīnɔ̄;zina;;;;;
802;python;;mbwámə̀;mbwàmɔ̀;b̥ɔ̀m;mpwàm;mpwàm;mpwààm;mpɔ̀mɔ̀;mbʰwama;mpwɔ̂m;;;;
803;quand ?;°d°é°n°Í;də̀nə̀;;dén;;dɩ́n;;ɗēnī;;;;;;
804;quatre;°n°â;nóŋ;nâ̰;nâ;ná;nâ;nô;ná;na;nâ;bínə̀;;;
805;question;°c°í°K°á;fíyà;tsíyà;;cíɡá;cíá;ɟìɡà;ɟīā;;cíá;;;;
806;queue;°k°ò°n°d°Í;kùndū;kùndé;;kùùnd;kʊ̌n;;kòndī;kundi;kʊ̌n;kùndə́;*ɡ*ʊ̀*n*d*ʊ́;;
807;qui ?;;zə́;zá;zɛ́;ncé;nzé;;nɟɛ̀;nzɛ;nsé;ʒə̀;;;
808;quoi ?;°ɟ°è;yɛ̀;gyí;jé;ɟè;jé;ɟì;jè;ɡi;;ɟə̀;;;
809;racine 1;°k°à°ŋ°l°ó;kàŋɡə́lə̀;;kàŋàl;kǎlɔ́;kààlé;kòòlə́;;;kààló;;*ɡ*à*n*ɡ*á;;
810;racine 2;°p°è°n°d°Ì;;pèndɛ̀;;;;;pèndì;pindi;;pìndí;;;
811;ramasser;°t°ɔ̀°K°Ì;;tɔ́kɛ;ték;twîɡ;tœ̂ʔ;cwə̀ɡ;tɔ̄ɡì;tuɡ;tœ̂ʔ;;;;
812;ramer;°d°ú°K°à;dvúɡə̀;;dwâ;dúɡɔ̀;dúʔò;;dūɡɔ̀;;dúɡô;;;;
813;ramper;°ɟ°à°ŋ;ɟáɡè;wáwɔ;ɟɛ̂k;;ɟàŋlà;;;;ɟɛ̂ʔ;;;;
814;rassasié;°ɟ°í°l°à;dzə́lə̀;jílɔ;ɟîl;;dílè;ɟílə̀;ɟīlɔ̀;;ɟílô;;;;
815;rassembler, unir;°s°ɛ̀°n°ɡ°à;;;sɛ̀ɡ;;sjɛ̀ŋà;ʃènɡà;;sanɡa;sɛ̀ŋ;;;;
816;rat;;;;d̥àà;ntàŋ;ntàà;ntò;ntàŋ;;ntàà;;;°d°à°n°ɡ°à;
817;ratel;°b°ò°ŋ;;;bòŋ;;bʊ̀ʊ́;bûŋ;;;bʊ̀ʊ́;;;;
818;recevoir;°b°ì°V̀;bì;;;bìì;bì;;;;bwɩ̀;;;;
819;réchauffer;°ɟ°ó°n°ɡ;bvúŋɡə̀lə̀;dyúngɛlɛ;ɡɥêɡ;;ɟø̂ŋ;ɡwánɡə̀lə̀;ɡwúnɡɔ́lɔ̀;;ɟwɩ̂ŋ;;;;
820;refuser 1;°b°è°n°à;bə̀nə̀;bènɔ;bjèn;bə̀n;bènè;bàn;;bina;bjèn;bìnə̀;;;
821;refuser 2;°p°ɛ̀°V̀;;;pɛ̀ɛ̀;;pɛ̀ɛ̀;;pàɛ̀;;;;;;
822;refuser 3;°c°ì°n°à;;;;;cì;cìnə̀;cìnɔ̀;;cììnò;;;;
823;régime (bananes);°s°à°n°ɡ°I;;;sɛ̀ŋ;;;sáɡə́;ʃààŋ;saˤ;;;;;
824;rein;°p°í°K°V̀;;píì;;;pîʔ;;pīɡì;mpfiəˤ;;;;;
825;remplacer;°ɟ°ì°l°à;dzə̀ɾà;;;;ɟìlà;ɟìlà;;;ɟìlà;;;;
826;remplir;°l°ó°n°d°à°l°à;lúŋɡə̀lə̀;lúndɛlɛ;lódàl;lwɔ́ndə̀lɔ̀;;;lóndɔ́lɔ̀;lundɛlɛ;;lúndə̀lə̀;*t*ó*n*d;;
827;rencontrer;°b°ɔ̀°m°à;bùmà;;;bwámà;bɔ̀mà;bwàmà;;;bɔ̀mà;;;;
828;rendre;°b°ú°l°á°l°à;;;búlàl;;;;búlɔ́lɔ̀;;búlâ;;;;
829;répondre 1;°b°V°s°à°l°à;;byáàdà;búlàl;;bɩ̀hà;bwɛ̀ɛ̀l;;;bwɔ̀hlà;;;;
830;répondre 2;°ɟ°à°l°à;yìlàn;yàlanɛ;;jàlà;jàlà;;ɟàɛ̀;;jàlà;;;;
831;répondre 3;°b°V̀°n°ɟ°à;;;;bènɟɛ̀;bɔ̀sà;bɛ̀nsà;;biaŋsa;;;;;
832;repos;°ɡ°w°à°l°á;wòɾá;vɔ̀dá;wàlá;wàdá;ɡbàlá;;;;ɡwàlá;;;;
833;respirer;°s°ɔ́°s°à;;;swôs;;sóhò;;ʃɔ̄ɔ̀;;;;;;
834;ressusciter;°p°ɛ̀°s;pàʔàlə̀;;;;pɛ̀h;fèʃ;;;pɛ̀h;;;;
835;rester;°d°ì°À;;jî;dìì;dì;dì;ɟì;dìɔ̀;dzi;dì;;;;
836;rêve;°l°í°m°à;;;;;límà;;límá;;límà;;;;
837;riche;°k°ú°m°á;kfúŋkfûŋ;kfúmá;kúmá;kúkúm;kúmá;;;pfuma;;;;;
838;rien, vide;°t°ó°_;tútùrúʔ;tɔ̀sâ;tótò;;;;tótō;tɔ;túʔú;;;;
839;rire (N);°ɟ°ò;ɡwò;dyɔ̀;ɡɔ̀;;ɟò;;;;ɟò;;*j*ò*d*à;;
840;rire (V);°ɟ°ɔ̀°À;ɡwò;dyɔ̀;ɡɔ̀;jwò;jò;ɡwò;ɡwɔ̀;;jò;ɡùə̀;;;
841;rive;°c°í°n°d°V́;tsə́ndə́;tsíndí;cíd;;;cíndú;cīndī;tsindi;cín;;;;
842;rivière;°d°í°b°Ó;dvúè;jíwɔ́;díí;;díbé;ɟíwó;dībɔ̄;dziɔ;díbó;;*d*í*b*á;;
843;rivière (grande);°ɟ°ɔ̀°ŋ;ɡwâŋ;;;nɟwǎŋ;ɡwǎŋ;ɡwòó;;;;;;;
844;riz;°l°ɔ́°s°è;lɛ́s;dísì;lɛ́s;;léhè;lə́s;lɔ̄zɔ̄;lisi;;;;;
845;ronfler;°k°ɔ̀°ŋ°à°l°à;kwàŋɡə̀lə̀;kɔ̰̂lɛ;kòŋàl;kwàlə̀;kwààlè;;;kwaŋlɛ;;;;;
846;rosée;°l°ɔ̀°K°I;;lɔ̀ɔ́;lòk;lùùɡ;lǒʔ;lwìɡê;lɔ̀ɡī;lwəˤ;;;;;
847;roter;°b°è;mbèàʔ;;b̥èbè;bèb;bɩ̀b;bèw;;bia;;;*b*ɩ̀;;
848;rouge;°s°ò°n°ɡ;cûʔ;;zòò;;cʊ̀ʔ;;;;sʊ̀ŋ;;;;
849;route;°ɟ°ɔ́°ŋ;ɟɔ́ŋ;;ɟɔ̂ŋ;nɟwɔ́ŋ;;ɟwóŋ;;;;;;;
850;ruisseau;°s°ò°m°b°Ì;;;;ʃùmb;;;ʃòmbì;sum;sʊ̀m;;;;
855;sable;°s°ɛ̀;sɛ́lɛ̀ʔ;sɛ́;ʃɛ́;sìɲɛ̀;sɩ̌á;ʃɛ̀;sɛ̄;sɛ;sjóò;ʃə́;;;
856;sabot;°p°a°T°a;;bɔ́;pá;;pàrà;;;pa;pàràà;;;;
857;sac;°m°j°à°n°ɟ;;;;mjànɟ;mjàh;;;;mwàh;;;;
851;sadosser;°ɟ°ɛ́°K°à°b°à;;ɔwɔ;ɟâw;;ɟjɛ̂ʔwò;ɟáɡə̀wò;ɟɛ̄ɡɔ̀;;;;;;
852;sagenouiller;°k°û°T;kfə́ɾə̀;kfúdɔ;;kûd;;;;pfur;kwîr;;;;
858;sagesse;°p°è°K;pə̀ʔ;pèKè;;fòɡ;pɩ̀ʔ;fə̀ɡ;;piəˤ;;;;;
859;saison sèche;°k°ó°l°V́;;;kwól;;kóló;;;;;kúlə́;;;
860;salé;°ɟ°ó°m°à;;dyùlɛ;ɡwôm;;ɟómò;;ɡwōmɔ̀;;ɟwôm;;;;
861;saleté;°b°ò°m°V̀;mbvyɪ̀ndə̀;mpìndì;;;bòmò;bwàm;;;bwòm;;;;
862;salive;°t°ɛ́°l°ì;;tɛ́lɛ̀;têl;tɛ́lɛ̀;cjéèlé;;;tɛl;tjêl;;;;
863;saluer 1;°s°ò°s°à;;súmɛlɛ;swòs;;sòhò;;;;swòh;;;;
864;saluer 2;°b°á°T°à;bə́ɾà;;;bárà;èbáràè;bə́dà;;;bárâ;;;;
865;samedi;°s°â°d°Ê;;;;sâdé;sáàdéè;sə̀sàdɛ̂;;;;;;;
866;sang;°c°ì;tsē;tsíɛ̀;zà;cì;cìé;ncíjà;ncíá;tsiɛ;cìó;tʃə́;;;
853;sasseoir;°d°ì;dzì;jì;d̥ìsí;dìsí;;;;dzi;;dzɛ̂ʔsə́;*d*ì*a*d;;
867;sauter 1;°p°ɔ°m°a;;;;;pɔ̀mà;fâm;;;;fámə̀;;;
868;sauter 2;°k°é°b°à;kə́ndà;;;kâb;;kôw;kēbɔ̀;;;;;;
869;savoir;°ɡ°Ú°à;;;ɡû;;ɡʊ́à;;ɡūɔ̀;;;;;;
870;scie;;zə̀ɡà;nsíyâ;;cìɡà;nzìʔ;ʒìɡà;ncìɡì;;nsìʔ;;;;
871;scorpion 1;°k°O;kwɔ́làɾì;;kííkwà;;kʊ̌lɩ̀l;;;;kʊ́kwɔ̀ʔ;;*k*ʊ̀*t*ʊ́;;
872;scorpion 2;°b°á°m°b°l°ɔ́°l°A;;bámíwálɛ́;;bə̀mblwál;bámlwál;;;bamwalɛ;bámlwɔ́l;;;;
873;se battre 1;°d°ù°m°à;;;dùù;dùmɔ̀;;;;;lúmô;;;;
874;se battre 2;°b°í°à;bvíìlà;;;;bî;;bīɔ̀;;bî;;;;
875;se battre 3;°b°ò°m°à°l°à;;bvúdà;;;bʊ̀mlà;;;vumla;;búmà;;;
876;se courber;°k°ú°T°V̀°b°à;kfə́ɾə̀;;;kúɡə̀bɔ̀;kúrwò;;kúrɔ́ɔ̀;;kúrbô;;;;
877;se déplacer;°t°é°l°à;tə́;túà;;;tɩ́là;cɛ̀là;;;tɩ́lâ;;;;
878;se déshabiller;°s°ɔ́;ʃwɔ́ɾà;sɔ́lɛ;sɔ̂;ʃwô;sô;;ʃɔ̂;swɛl;;;;;
879;se lever;°ɡ°V̀°l°V;wòlà;;wɛ̀l;wòl;;wòl;wjélá;walɡ;;;;;
880;se moucher;;yə́mbə̀;vɛ́mbɔ;;jə̂m;ɟwɛ̂m;;wjɛ̀mbɔ̀;;;;;;
881;se reposer;°ɡ°w°à°_;wòɾà;vòda;wàlà;wàdà;ɡbàlà;wòɡà;;wara;ɡwàlà;wàɡà;;;
882;se réveiller 1;°ɟ°è°m°à;ɟìmà;;ɟèm;ɟòm;ɟɩ̀m;ɟjùm;ɟèmɔ̀;ɡimnɡa;ɟɩ̀mà;;;;
883;se réveiller 2;°ɡ°w°à°l°à;;;lóà;;;;wàlɔ̀;;;wálàɡà;;;
884;sec, fumé;°s°ɔ́°s°a;;swásâ;sésá;ʃwézá;swɛ́há;;ʃɔ̄ɔ̀;swasa;;;;;
885;sécher;°s°ɔ́°s;ʃwéèy;swásɔ;sês;ʃwêz;swêh;ʃwéʃ;;;sœ̂h;;;;
886;secouer 1;;;;d̥èɡ;;ntjɛ̀ŋ;ntə̀nɡ;;;ncjèŋ;;;;
887;secouer 2;°s°a°K°V̀;sə́ʔə̀sə̀;síyɛsɛ;;sáɡə̀zə̀;sjɛ̀ʔrè;sàɡə̀sə̀;;saˤsɛ;sìʔrò;fə́ʔɟə̀;;;
888;sein;°b°ɛ́°l°V̀;bə́lə̀;bɛ́lɛ̀;bêl;bôl;bêl;bə̂l;ɓɛ̄lì;bɛl;bêl;bə́lì;;;
889;semence;;;;b̥èk;;mpèʔ;mpə̀ɡ;mpɛ̀ɡì;;mpèʔ;;;;
890;sentir;°n°ù°m°b°a°l°À;nùmbə̀lə̀;nyùmbɛlɛ;nùb;nùmə̀lɔ̀;nùmò;;nùmbɔ̀;nimlɛ;;númbì;;;
891;séparer;°b°á°K°V̀;báɡè;bága;bɛ́kà;bóɡà;bɛ̂ʔ;bɛ́ɛ́ɡ;ɓāɡì;;bɔ́ɡâ;;;;
892;sept;°t°á°b°ɛ̀°l°Í;tébáàlì;;;tábɛ̀l;támbɛ̀l;tə́wèlí;;;;;;;
893;serpent;°ɲ°ɔ́°ŋ;ɲɔ̂ŋ;nyṵ́à̰;ɲɔ̂;ɲwâŋ;ɲʊ́à;ɲwâ;ɲɔ̂ŋ;ɲɥaŋ;ɲʊ́ɔ̀;ŋwô;*n*y*ó*k*à;;
894;serrer 1;°l°ɔ̀°T°à;;;lɔ̀tàl;;lwààrè;;;;lwɔ̀ɔ̀rò;;;;
895;serrer 2;°ɲ°é°m;yímə̀;nyímɛlɛ;;;jémlè;jîm;;ɲimlɛ;;;;;
896;sève;°k°ɔ́°n°d°à;;kɔ́ndà;kódà;kwɔ́ndà;kɔ́nàá;;;kwanda;;;;;
854;shabiller;°b°ɔ́°T°à;bwáɾə̀;bwádɔ;bɔ́t;bwâd;bwâr;bwààd;ɓɔ̄rɔ̀;bwar;bwɔ̂r;bwárə̀;;;
897;siège;°d°ì°à;dzìyà;jìyɔ́;;dìà;;;dìɔ̄;dzi;;;;;
898;siffler;°l°ó°ŋ;;lṵ́à̰;;lwâŋ;lʊ́ò;lwô;;lwaŋ;lʊ́â;;;;
899;silhouette;°s°ì°s°í°m°b°V̀;sə́sə̂m;sìsímù;ʃìʃím;sísìm;sìsîm;ʃìʃîm;sìsímbí;;sísìm;sìsímì;;;
900;singe;°k°é°m°à;kə́mà;kímì;cêm;kâm;cémè;kâm;kémɔ́;kima;;kímə̀;;;
901;sitatunga;;;;b̥ìl;mpùl;mpùl;mpùl;mpùlì;;mpùl;;*b*ù*d*ì;°b°ù°d°ì;
902;six 1;°t°ó°b°á;ntúúwò;ntùɔ́;;twób;tóbó;;;tuɔ;;;*t*ʊ́*ʊ́*b*á;;
903;soeur;°k°á°l°V̀;kálô;kálé;kɛ̌l;kól;kɛ́l;;kālī;kal;kɛ́l;kálí;;;
904;soigner;°ɟ°ò°m°b°À;ɡúmà;;ɡwòm;;ɟòmò;ɟámbə̀lə̀;ɡwòmɔ̀;;ɟwòm;;;;
905;soir;°k°ò°K°ó;ókùʔú;kùgúù;kwòkó;kùɡú;;;;kuɡu;;kóɡújɛ̀;;;
906;soleil;°ɟ°V́°s°V́;zíyè;vísɔ́;ɡɥés;jéz;ɟwéhé;jásə́;;ziɛ;;jíjə́;;;
907;sommeil;°ɟ°ɔ̂;ɡwò;dyɔ̂;ɡɔ̂;;ɟô;ɡwô;ɡwɔ̂;;ɟô;ɡwô;;;
908;sorcellerie;°ɟ°é°m°b°à;ɟìmbə̀;;ljéb;jàm;lèmè;àmb;lèmbɔ̀;;;;*j*ɩ*m*b*a;;
909;sorcier;°ɟ°è°m°b°à;;gyìmbɔ̀;;nɟòmbə́lò;lèmè;ɟìmbúlù;lèmbɔ̀;nɡimbɔ;ljèm;;;;
910;sorte;°b°ì°m°b°Í;;;;mbì;bì;mbìí;bīmī;;mbì;;;;
911;sortir;°p°í°à°l°à;;;pjâl;fjálà;pjâl;;;;pwâl;;;;
912;souche;°k°ù°m°V́;;kfùmɔ́;kùm;kǔm;kǔm;;kùmī;;kǔm;;*ɡ*ù*m*ù;;
913;souffle, air;°ɡ°ú°l;;;ɡɥîl;;ɡûl;ɡûl;;;nɡûl;;*p*ú*d*ì;;
914;souffler 1;°p°ù°p°à°l°à;fùbə̀lə̀;pfùbɛlɛ;pùpàl;fùbə̀lɔ̀;pùblò;;;;pùblò;pfùálá;;;
915;souffler 2;°ɡ°ú°m°à°l°à;;;wúbàl;;ɡúmlò;;wúmbɔ́lɔ̀;;ɡúmlô;;;;
916;soufflet;°k°ɔ̀°m°b°à;;;kwòb;kwòm;kòmó;;;kùmbɔ̀;;;;;
917;souffrir;°ɟ°ù°K;bvùɡə̀;;;ɟùɡ;ɟùʔ;;;;ɟùʔ;;;;
918;soulever;°b°é°n;bə́ɾì;bénɛlɛ;;bén;bɩ̂n;bə̂n;;;bɩ̂n;bínáɡá;;;
919;soupe sp;°p°i°á°ŋ;píàŋ;;pjáŋ;fjáŋ;mpjáŋ;fjáŋ;;piaŋ;mfjáŋ;;;;
920;sourcil 1;;mbvíə́ʔə̀;;j̥éb;;ncémé;;nkēmbɔ̄;;;;;;
921;sourcil 2;;;nkɛ̀lɛ̀;;bə̀nkòl;;;;nɡiəˤ;;nkjə́ʔ;;;
922;souris;°p°ô;pū;;póò;fû;pʊ̂;fû;pô;pu;pʊ̂;;;;
923;souris sp;°b°à°K°à;;;bà;mbàɡ;;;ɓàɡɔ̄;;bàʔá;;;;
924;sperme;°ɟ°ô°m;;dyúmù;;ɟûm;ɟʊ̂m;;;ɟum;;;*d*ʊ́*m*è;;
925;stérile;°k°ù°n°d°Í;pfúmpfùndè;kfùndɛ́;kɥǐd;kùùnd;kǔn;;kùndī;pfun;kǔn;;;;
926;stylo;°k°ò°s°V̀;kùs;;kwòs;;kòhò;;;;kwòh;;;;
927;sucer;°ɟ°ɔ̂;ɲáŋ;nyâ;ɡûl;;ɟû;jô;wīɔ̀;;;;;;
928;sucré;°s°ɔ́°s;ʃwèè;;sês;;swèh;;ʃɔ̀ɛ̀;;sœ̂h;;;;
929;suffir;°ɟ°à°l°à;ɡìlà;;;;ɟàlà;;ɟàlà;;ɟàlà;;;;
930;suivre;°d°ú°à;;;dû;;dû;;dūɔ̀;;dû;;;;
931;supporter;°ɟ°í°s°_;;;g̥ʸísàl;;ɟûhwò;ɟísòw;ɟízɔ́ɔ̀;;ɟíhbô;;;;
932;surpris 1;°t°Ó°T°à;tùɾà;;;twérà;tø̀rà;;;;twɩ̀rà;;;;
933;surpris 2;°s°V°K°à;;sàga;sèkà;;;;;saɡa;sɔ̀ɡà;;;;
934;tabac;;;ndàlò;d̥ɛ̀lɛ̀k;;ntɔ̀lɔ̀ɔ̀;;;ndaləˤ;;;;;
935;tache;°t°ɔ́°n°Ì;;tá;tɔ́n;;tɔ́n;;tɔ̄nī;twɛn;;;*t*ó*n*á;;
936;tailler;°s°ó°n°ɟ°Ì;ʃwɛ́ŋɡì;;sêz;ʃwênɟ;cø̀h;ʃwêɲ;;swɛndi;sœ̂h;;;;
937;talon;°t°í°n°d°I°ɡ°ò;tsə́ndə́ʔə̀;tsíndí;;tíndìɡì;;ncíndúɡú;;tsindi;;tsímbə̀ʔ;*ɡ*ʊ̀*d*ʊ̀;;
939;tambour 1;;;ngɔ̀mɔ̀;g̥wòm;nkòòmb;nkòm;nkwə̀m;;nɡɔm;nkòm;;;;
940;tambour 2;;;;;ntùmɔ̀;ntùmò;;ntùmɔ̀;ndʰwambɔ;;tsùmà;;;
941;tambour 3;°k°u°l;kfə́lə̂;;kúl;kúl;;;;;kûl;;;;
942;tamis;°s°ɛ̀°K°V̀;;sɛ̀gɛ̀sɛ̀;;;sjɛ̀ʔrà;sàɡə̀sà;sɛ̀ɡì;;;;;;
943;tante;°m°á°m°V;mámâ;mámé;mɛ́m;mɔ́m;mɔ́m;móm;;mam;;;;;
944;tas;°b°ê°K°V̀;;;bêk;bwɔ́ɡ;bɩ̂ʔ;;bēɡɔ̀;;bɩ́ʔ;;;;
945;tasse (empunt anɡlais ?);°k°ɔ́°b°V̀;;kɔ́bɛ̀;kɔ̂p;kwɔ́bɔ̀;kɔ̂b;;;;;;;;
946;teigne;°b°ɔ̀°T°Ì;;;bòt;;bòr;;ɓɔ̀lì;burəˤ;bòr;;;;
947;termite;°s°ê°K;;sɛ́kɛ̀;;sə̂ɡ;;ʃə̂;;səˤ;;ʃíʔ;;;
948;terre;°s°í;sī;sí;;sí;;ʃí;sī;si;sí;;;;
949;terre, sol;°b°ɔ̀°s°V́;;;bɔ̌s;;bwǎh;;;;bwɔ̀hɔ́;;;;
950;testicule;°b°i°n°d°i;bvìndə́ʔ;bìndì;;bìnd;;;;bvindi;;bvə́ndì;;;
951;tête;°l°ô;lū;lô;lô;lû;lʊ̂;lû;lô;lu;lʊ̂;lú;;;
952;tibia;;;;g̥ɛ̀l;nkɛ̀l;;nkɛ́lə́;;;;;;;
953;tique, puce;°k°ó°b;;kúwɔ́;kwó;kwób;;;;;kwób;;;;
954;tirer, fumer;°d°ù°l°à;;;dùl;dùlə̀;dùlò;ɟùlə̀;dùlɔ̀;;dùlò;;;;
955;tirer, lancer;°ɡ°ù°s°à;;;wùs;wùzà;ɡùhò;wùsə̀;wùzɔ̀;vusɛ;ɡwìhò;;;;
956;tisser;°l°ó°ŋ°à;lúŋə̀;lɔ̀;lóò;lúŋò;lʊ́ò;lwô;;lwɔ;;lwô;;;
957;tombeau 1;°s°ɔ̀°ŋ;ʃwɔ̀ŋ;sɔ̰̂;sɔ̀ŋ;;sòò;ʃwòŋ;ʃɔ̀ɔ̀ŋ;swɔŋ;;;;;
958;tombeau 2 (emprunt?);°C°ù°s;;;vùs;;nvɩ̀h;;;;mfùs;;;;
959;tomber 1;°d°ù°m°à;dvə̀mà;dvùmɔ;dùmà;dùmà;dùmà;;dùmà;;dùmà;dzúmə̀;;;
960;tomber 2;°k°Ù°T°Ì;kfə̀ɾà;kwê;kɥɛ̀;kùr;kùr;kə̀də̀wà;kùrɔ̀;;kwìr;;;;
961;tomber 3;°b°í°l°à;bvíà;;bîl;;;bîl;bīlɔ̀;;bílâ;;;;
962;tonnerre;°d°ù°m;;;dùmbí;;dùm;;;;dùm;;;;
963;tort;°b°ɛ̀°ɛ́;bá;;;;bě;bɛ̀ɛ̀;;;bě;;;;
964;tortue;°k°ú°l°Ì;kfə́lì;kfúlɛ̀;kɥîl;kûl;kûl;;kūlì;pful;kûl;kfə́lì;;;
965;tous;°b°j°á°s;ə́ə̀;ɛ̂;bjâs;;bjɛ̂h;;ɓjà;;;;;;
966;tousser;°k°ɔ́°s;kwéèy;kɔ́sɛ;kôs;kwêz;kœ̂h;;kɔ̄ɛ̀;kuɛ;;;;;
967;tout;°j°â°s;;;jâs;;jɛ̂h;;jà;jiaa;jɛ̂h;;;;
968;toux;°k°ɔ́°s°V;;kwɛ̂;kós;kwéz;kœ́h;;;;kœ́hœ́;;*k*ó*c;;
969;trace;°b°á°l°V;;;;mbál;báálé;mbáál;;;;;;;
970;tranchant;°ɡ°o°l°a;wólə̀;vúlɔ̀;wòl;;;wâl;wòlāà;;;;;;
971;transpirer;°d°ì°K°à;;dówó;dìdìk;dìɡə̀bè;dùʔwò;;dìɡàà;;;;;;
972;travail 1;°s°á°l°V́;;sáálɛ́;sâ;;sâ;sáál;sálá;;sâ;ʃálí;;;
973;travail 2;°s°V̂°V;séì;;;sjê;sjɛ́ɛ́;séj;;;sɛ́ɛ́;;;;
974;travailler;°s°V́°V̀;séèy;;;sjê;séà;sêj;;;séâ;;*c*á*d;;
975;travailleur;°s°á°l°Ì;sálè;;;;sjɛ̂l;sôl;sālì;;sɛ̂l;;;;
976;traverser;°t°à°ŋ;ndàŋ;ndà;;ntàŋ;ntàà;ntò;;;ntàà;;;;
977;tremper, plonger;°d°ù°b°à;dvwə́ə̀;dvùbɔ;dùbá;;dùbò;ɟùwò;;;dùbò;;;;
978;tresser;°p°è°n°d°à;pə̀ndə̀;péndɔ;pjèd;fə̀nd;pènè;fànd;;pindɛ;pjèn;pìndá;;;
979;trois;°l°á°l°V̀;láàlə̀;láálɛ̀;lɛ̂l;lôl;lɛ̂l;lôl;lāālî;lal;lɛ̂l;lálì;;;
980;trompe (éléphant);°b°ɔ́°l°Ì;bwɔ́lə̀;bvúɔ́;;mbúl;bôl;bwôl;mbɔ̄lì;bvuɔ;;;;;
981;tromperie;°k°ɔ́°ŋ°à;;;kɔ̂ŋ;;kóò;;kɔ̄āŋ;;;;;;
982;tronc;°k°ù°b°Ò;;kfùbɔ́;kùù;;kùó;;kùbɔ̄;pfuɔ;;;;;
983;tronc, obstacle;°k°ɔ̀°K°á;kfùɡə̀;kùá;kwǎ;kwábə̀là;kwǎʔ;;;;;;;;
984;trou 1;°ɡ°ú°K;;;ɡúk;wúɡ;ɡʊ́á;;ɡùɔ̀;;ɡʊ́á;;;;
985;trou 2;°b°é;;;bé;bé;bɩ́;bé;ɓē;bvi;bɩ́;ɡví;;;
986;trou 3;°k°ù°l;kù;kù;kù;;kù;;;;kùl;;;;
987;trouver 1;°k°ɔ̀°b;kùlà;kfùmala;;kwèb;kœ̀b;;;;kœ̀b;kóɛ̀;;;
988;trouver 2;°b°è°l°à;;;bèlà;bálà;;;ɓjèlà;;;;;;
989;tubercule;°s°ɔ́°ŋ;;;sóŋ;ʃúŋ;sóó;;;;;;;;
990;tuer;°ɟ°ó;ɡú;dyùù;ɡô;ɟû;ɟʊ̂;ɡù;ɡwô;ɟu;ɟʊ̂;ɡwə̂ʔ;;;
991;tueur, chasseur;°ɟ°ó°l°Ì;ɡúlù;;nɡôl;ɟúl;ɟʊ̂l;nɡúùl;ɡwó;;ɟwɩ̂l;ɡúlì;;;
992;un 1;°w°V́°T°V́;wóróʔò;vúdṵ̀;wát;wùrùɡ;wár;;wɔ̄rɔ̄;;;və́rə̀;;;
993;un 2;°ɡ°ɔ°T;;;nɡɔ̀t;;nɡwár;nɡúd;;nvur;ɡwɔ́r;;;;
994;urine;;míŋɡélìʔ;nzálè;mìzà;ncêlə̀;mîhlà;;ɟālì;nzal;;nʃálì;;;
995;uriner;°m°í°n°ɟ°à;míŋɡì;níndyà;mízà;mìnɟà;míhà;;;;;;;;
996;vache 1;°ɲ°à°K°à;ɲàʔ;nyàgà;ɲàk;;;;;ɲaɡa;;ɲákà;;;
997;vache 2;°t°ɔ̀;;;;ntè;ntœ̀œ̀;ntèɲ;;;ntœ̀œ̀;;;;
998;vague;°b°ó°K°ó;;;pókò;;òbóʔó;;;;bwóʔó;;;;
999;vallée;°d°ɔ̀°n°ɡ;;;;ndwànɡ;dwǎŋ;;;;dwɔ̌ŋ;;;;
1000;varan;;ŋɡwàmbà;ngɔ̀mbɔ̀;g̥òb;nkùmb;nkòm;nkwòmb;;nɡwɔmbi;nkɔ̂m;;;;
1001;veiller;°m°ɔ̀;mwɔ̀;;mɔ̀;;mò;;;;mò;;;;
1002;veine, muscle;°s°ì°s°Á;sìyə́ʔə̀;sìsɔ́;ʃǐs;sìzɔ́;sìhé;sə̀sàɡə́;sìzɔ̄;sinsɛ;sìhó;;;;
1003;vendre;°b°V́°m°s°à;;;bɔ́msà;;bɛ́mà;;;;bwɔ́msâ;;;;
1004;vendredi;°c°ì°c°ì°d°V;;;;;cìtír;cìcúdú;;;cìtír;;;;
1005;venir;;zè;jì;ʒɛ̀;ncò;nzè;zə̀;ncè;nzi;nsjè;nʃì;;;
1006;vent;°p°ù°p°ɔ°l°V;fùbúʔ;pɛ̀wɔ́;pǔp;fùbɔ́;pùbò;;pùbɔ̀lɔ̀;;pùbó;kfwə́lə̀;*p*ù*ù*p*à;;
1007;ventre;°m°ɔ̀;bvə̀m;mɔ̀;mɔ̀;mwɔ̀;mò;;mɔ̀;mwɔ;mò;;;;
1008;ver de terre;°s°ó°m°b°Ó;ʃwɔ̄ŋ;;swób;ʃúmb;sóm;ʃwómbú;;;sóm;;;;
1009;verser;°s°ò;ʃù;sùbɛ;sò;ʃù;sʊ̀;ʃù;ʃò;su;sʊ̀;ʃwə̀ʔ;*c*ʊ̀*p;;
1010;vêtement;°k°á°n°d°á;;gâ̰;kád;kánd;kán;káándə́;kāndɔ̄;;kán;;*ɡ*á*n*d*á;;
1011;veuf;°k°ú°s°à;kfwúə̀;kùzɔ́;kûs;kúzɔ̀;kúhò;kúsə̀;kūzɔ̀;pfusɛ;kwíhô;;;;
1012;viande;;;;b̥yòò;;;mpàwó;mpèō;;;;;;
1013;vie;°c°ì°K°V̀;tsə̀ɡə̀ʔ;tsíì;cîk;cìɡ;cwìʔ;cə̀ɡ;cìɡì;tsəˤ;cìʔ;;;;
1014;vieillesse;°ɟ°ǒ°m°b;;;ɡǒb;;ɟʊ̌m;;;;ɟʊ̌m;;;;
1015;vieillir;°ɟ°ò°m°b°Ì;yùmbə̀;;ɡwèb;ɟwèm;ɟø̀m;;ɡwòmbì;;ɟwɩ̀m;;;;
1016;vieux 1;°t°ó°m°b°á;;;;twámbá;tá;;tōmbā;tumba;táámʊ̀r;;;;
1017;vieux 2;°ɟ°ò°m°b°Í;;;;;ɟʊ̌m;;ɡwòmbī;;ɟʊ̌m;;;;
1018;vieux 3;°t°ú°l;túlù;túlé;;túl;;cúcúl;;tul;;túlé;;;
1019;village;°k°ɔ́°T°á;;kwádɔ́;;kwád;kwár;;;kwar;kwɔ́r;kwárə́;;;
1020;village abandonné;°ɡ°ù°n°d°À;;;nɡùd;;ɡùnò;;wùndɔ̀;;nɡùnò;;;;
1021;ville;°ɡ°á°C°à;ŋɡúlà;;;nɡwâlà;nkànà;ɡwálà;;;nkànà;;;;
1022;vipère;°ɟ°ó°Ì°l;yə́lə̀;yílɛ̀;g̥ɥêl;;ɟø̂l;jûl;;;ɟwɩ̂l;;;;
1023;virage;°b°Ó°n°ɡ°V̀;;;bɔ́ŋ;;bóó;búɡə̀;;;mbóó;;;;
1024;visage, front;;mbwɔ̀mbə́;mbɔ̀mbɔ́;b̥wób;mpwòmb;mpǒm;mpwòòmbú;mpɔ̀mbī;mbʰwɔm;mpǒm;bwɔ́mbí;;;
1025;voir 1;°b°È°È;;;bèè;;bèè;;ɓɛ̀ɛ̀;;bèè;;;;
1026;voir 2;°d°é°n°ɡ;də́ɡè;dígɛ;;dêɡ;;də́ɡ;ɗénɡɔ́lɔ̀;;;;;;
1027;voix;°k°ɛ́°l°V̀;kə́lè;;;kól;cjêl;kə̂l;;;kêl;kɛ́lì;;;
1028;vol;°ɟ°í°b°à;;gyɛ́lâ;;ɟíbò;ɟíbè;;ɟībɔ̀;;ɟíbô;;;;
1029;voler;°ɟ°V́°l°V̀;ɟə́lè;ɡyɛ́lɛ;;ɟîl;;ɟə̂l;;ɟɛl;;ɡíljàɡà;;;
1030;voleur;°ɟ°í°b°Ì°l°Ì;;jíbí;náɟúù;ɟíbə̀lè;ɟíblʊ̌;ɟíwàl;ɟībì;ndziu;ɟíblʊ̌;;;;
1031;vomir;°ɟ°ó°l°à;ɡú;;ɡô;ɟû;ɟʊ̂;ɡù;ɡwōlā;;;ɡú;;;
1032;vouloir 1;°k°w°à°l°à;;;kɥɛ̀l;;kpɛ̀l;cɛ̀l;;;;kɥɛ́là;;;
1033;vouloir 2;°ɡ°ó°m°b°Ì;ɡì;wúmbɛ;;wîmb;ɡø̂m;wímb;wōmbī;wum;ɡwɩ̂m;;;;
1034;voyage;°k°ɛ́°n°d;kə̀ndə̀;kɛ̀ndɛ̀;tjèd;nkònd;cjèn;kə̀nd;;cɛn;kèn;;;;
